CustomerID,Name,Age,Gender,City,SignupDate,PurchaseAmount,SatisfactionScore
CUST00854,Mary Lopez,47.0,Male,Phoenix,24/06/2023,195.12,4.0
CUST00787,Robert Jones,33.0,MALE,Philadelphia,"January 18, 2023",289.34,4.0
CUST00315,Michael Gonzalez,41.0,male,Phoenix,01-07-2020,684.51,4.0
CUST00815,John Rodriguez,47.0,Male ,Houston,03-25-2023,240.09,3.0
CUST00977,Joseph Thomas,49.0, female,San Diego,2024-04-08,42.15,3.0
CUST00010,Barbara Wilson,25.0,male,New York,"January 22, 2018",206.32,4.0
CUST00135,David Lopez, 33 ,Male ,Houston,"November 11, 2018",,4.0
CUST00777,Michael Rodriguez,38.0,,San Jose,2022-12-25,257.36,3.0
CUST00410,Mary Lopez,40.0,MALE,Phoenix,17-Aug-2020,244.16,1.0
CUST00413,Robert Hernandez,55.0,MALE,San Diego,08-24-2020,108.52,2.0
CUST00975,BARBARA RODRIGUEZ,27.0,FEMALE,Phoenix,04-03-2024,683.92,4.0
CUST00460,William Martinez,43.0,M,Chicago,12/12/2020,263.12,4.0
CUST00510,Jennifer Johnson,53.0,male,San Diego,08/04/2021,325.34,5.0
CUST00055,John Martinez,23.0,male,San Diego,2018-05-07,316.58,4.0
CUST00780,Sarah Anderson,37.0, female,San Antonio,2023-01-02,922.72,4.0
CUST00713,Jennifer Johnson,48.0,MALE,Los Angeles,28-Jul-2022,621.91,3.0
CUST00543,Thomas Jones,46.0,FEMALE,,06-25-2021,140.02,5.0
CUST00816,,,Female,San Antonio,2023-03-27,224.52,5.0
CUST00147,Robert Williams,56.0,F,san diego,2018-12-09,154.76,4.0
CUST00835,Jennifer Jones,61.0,M,Houston,"May 11, 2023",183.66,4.0
CUST00488,Patricia Martinez,13.0, female,,16/02/2021,184.77,3.0
CUST00375,Thomas Rodriguez,39.0,Male,Chicago,05-27-2020,325.52,3.0
CUST00939,Jennifer Anderson,46.0,Female,Chicago,01-09-2024,261.22,4.0
CUST00725,Richard Smith,,F,Los Angeles,26/08/2022,726.85,4.0
CUST00035,Elizabeth Brown,50.0,female,San Antonio,21-Mar-2018,485.78,5.0
CUST00172,Richard Williams,41.0,female,San Antonio,2019-02-06,514.82,5.0
CUST00396,Jennifer Lopez,56.0,FEMALE,  Philadelphia  ,15-Jul-2020,211.05,2.0
CUST00819,Thomas Rodriguez,26.0,FEMALE,San Jose,03/04/2023,117.65,4.0
CUST00362,Susan Anderson,72.0,Female,Houston,04-26-2020,382.2,1.0
CUST00329,John Garcia,43.0,female,Houston,2020-02-09,$209.94,4.0
CUST00171,Jennifer Garcia,56.0,male,Houston,03/02/2019,427.98,4.0
CUST00357,JOHN BROWN,35.0,F,phoenix,,204.38,2.0
CUST00257,John Brown,60.0,Male,Dallas,24/08/2019,298.41,4.0
CUST00803,Karen Gonzalez,50.0,F,Chicago,2023-02-24,255.18,5.0
CUST00180,Thomas Thomas,35.0,Male,Chicago,02-24-2019,145.65,3.0
CUST00917,David Smith,53.0,M,San Diego,2023-11-19,134.0,4.0
CUST00586,Elizabeth Smith,40.0,FEMALE,San Diego,2021-10-04,-250.0,4.0
CUST00165,Linda Miller,38.0,Female,Houston,20-Jan-2019,250.04,3.0
CUST00893,Richard Wilson,39.0,M,San Jose,24/09/2023,240.24,3.0
CUST00962,Linda Hernandez,26.0,female,New York,03-Mar-2024,38.25,5.0
CUST00326,Linda Martinez,27.0,,Los Angeles,02-02-2020,672.48,5.0
CUST00467,Linda Smith,48.0,Male ,HOUSTON,28/12/2020,316.96,5.0
CUST00373,John Rodriguez,45.0,male,Philadelphia,2020-05-22,670.5,3.0
CUST00602,Jennifer Garcia,47.0,M,San Jose,10/11/2021,184.51,3.0
CUST00485,Barbara Rodriguez,59.0,Male,San Antonio,02-09-2021,203.72,5.0
CUST00014,Thomas Hernandez,66.0,male,Chicago,31/01/2018,1001.66,5.0
CUST00748,Linda Smith,41.0,,Houston,18-Oct-2022,86.08,5.0
CUST00317,Michael Wilson,16.0,F,Dallas,2020-01-12,205.28,3.0
CUST00456,Barbara Martinez,19.0,F,San Diego,12-03-2020,497.96,5.0
CUST00141,Karen Lopez,49.0,MALE,New York,11-25-2018,379.83,4.0
CUST00217,Joseph Garcia,47.0,FEMALE,San Antonio,05-22-2019,254.66,5.0
CUST00490,Richard Johnson,41.0,Male ,Philadelphia,20-Feb-2021,386.31,5.0
CUST00306,Michael Lopez,64.0,female,San Diego,17/12/2019,544.41,2.0
CUST00658,James Wilson,25.0,M,Phoenix,21-Mar-2022,197.23,5.0
CUST00843,Thomas Davis, 56 ,F,San Diego,29/05/2023,220.93,3.0
CUST00583,Patricia Garcia,47.0,M,New York,2021-09-26,344.89,3.0
CUST00898,Jessica Garcia,29.0,Female,San Jose,10-05-2023,288.25,4.0
CUST00660,Sarah Johnson,41.0,M,Los Angeles,2022-03-26,357.17,5.0
CUST00409,Linda Thomas,43.0,Female,New York,"August 14, 2020",460.21,3.0
CUST00100,William Brown,29.0,FEMALE,Chicago,"August 21, 2018",90.42,
CUST00960,Jennifer Thomas,51.0,M,Phoenix,02-28-2024,162.15,
CUST00154,Linda Brown,61.0,female,Los Angeles,12-25-2018,268.67,5.0
CUST00047,James Rodriguez,25.0,male,Philadelphia,2018-04-18,302.7,4.0
CUST00005,Charles Miller,56.0,Male,San Diego,,,1.0
CUST00173,Linda Hernandez,51.0,Male,San Antonio,"February 08, 2019",331.5,
CUST00964,Linda Jones,48.0,F,Philadelphia,03-08-2024,448.1,4.0
CUST00678,Mary Williams,28.0,Male ,San Diego,07/05/2022,267.22,4.0
CUST00223,Patricia Garcia,39.0,female,New York,05/06/2019,293.95,4.0
CUST00996,Michael Anderson,26.0,MALE,Houston,22/05/2024,102.55,4.0
CUST00260,Charles Martinez,22.0,FEMALE,San Diego,31/08/2019,196.06,3.0
CUST00559,Sarah Davis,37.0,Female,Dallas,01/08/2021,528.17,4.0
CUST00233,John Martinez,48.0, female,San Diego,06-29-2019,64.37,
CUST00109,Mary Lopez,45.0,Male,Los Angeles,2018-09-11,360.53,4.0
CUST00849,Susan Jones,30.0,Male ,san jose,12/06/2023,261.19,3.0
CUST00735,Robert Garcia,66.0,male,Dallas,2022-09-18,248.62,2.0
CUST00099,Joseph Hernandez,,Male ,Houston,18/08/2018,270.29,3.0
CUST00601,Elizabeth Davis,24.0,Male ,Phoenix,,236.38,2.0
CUST00109,Mary Lopez,45.0,Male,Los Angeles,2018-09-11,360.53,4.0
CUST00832,David Johnson,50.0,,Chicago,03-May-2023,,2.0
CUST00221,Barbara Lopez,35.0,FEMALE,San Jose,05-31-2019,252.96,5.0
CUST00358,Robert Williams,56.0,Male,San Antonio,17-Apr-2020,85.22,3.0
CUST00970,James Lopez,60.0,Male ,Dallas,,314.16,5.0
CUST00025,William Martinez,24.0,Male,Phoenix,02-26-2018,569.73,4.0
CUST00991,Barbara Smith,33.0,Male,San Jose,10-May-2024,413.19,4.0
CUST00681,Jessica Brown,27.0,female,New York,"May 14, 2022",276.48,4.0
CUST00385,Sarah Hernandez,52.0,Male ,San Jose,19/06/2020,207.66,3.0
CUST00095,William Wilson, 34 , female,Chicago,"August 09, 2018",273.88,1.0
CUST00770,Barbara Anderson,, female,  San Antonio  ,12-09-2022,382.09,4.0
CUST00452,John Johnson,59.0,Male ,Houston,2020-11-23,192.92,4.0
CUST00026,Mary Brown, 34 ,Male,San Jose,28-Feb-2018,,5.0
CUST00114,Barbara Martinez,30.0,,Houston,23-Sep-2018,562.15,2.0
CUST00126,Robert Brown,49.0,M,Dallas,21-Oct-2018,68.44,
CUST00061,,38.0,Male ,Los Angeles,21/05/2018,623.47,1.0
CUST00599,John Brown,43.0,Male,Los Angeles,2021-11-03,$603.00,5.0
CUST00948,Thomas Gonzalez,60.0,Male ,New York,31-Jan-2024,45.65,4.0
CUST00245,John Garcia,54.0,F,New York,27-Jul-2019,829.86,1.0
CUST00680,Susan Hernandez,49.0,Female,San Jose,12-May-2022,31.41,3.0
CUST00076,Patricia Wilson,31.0,female,Philadelphia,25-Jun-2018,631.06,3.0
CUST00897,Richard Williams,21.0,Male,Dallas,03/10/2023,216.06,4.0
CUST00427,Charles Anderson,39.0,FEMALE,Houston,2020-09-26,232.42,4.0
CUST00715,William Garcia,-20, female,Dallas,02-Aug-2022,756.89,4.0
CUST00418,Joseph Miller, 40 ,M,  Chicago  ,"September 05, 2020",414.18,4.0
CUST00726,Susan Thomas,36.0,Male,San Jose,08-28-2022,152.73,5.0
CUST00390,David Jones,42.0,female,San Jose,01-Jul-2020,226.25,3.0
CUST00054,James Hernandez,22.0,FEMALE,Dallas,05-05-2018,,
CUST00973,Charles Davis,28.0,Male ,Philadelphia,2024-03-29,128.27,3.0
CUST00351,Jennifer Martinez,31.0,FEMALE,Los Angeles,"March 31, 2020",157.96,2.0
CUST00206,Patricia Gonzalez,54.0,F,San Jose,"April 26, 2019",788.38,5.0
CUST00472,Susan Davis,52.0,Female,San Diego,09/01/2021,221.56,3.0
CUST00532,Sarah Davis,48.0,Male,San Antonio,05-30-2021,433.24,4.0
CUST00643,James Smith,55.0,Male ,San Antonio,14/02/2022,234.65,4.0
CUST00404,Susan Rodriguez,39.0,F,Dallas,03/08/2020,502.9,5.0
CUST00717,John Rodriguez,21.0,FEMALE,San Jose,07-Aug-2022,133.19,5.0
CUST00493,Mary Anderson,49.0,,Chicago,02-27-2021,43.86,3.0
CUST00376,James Jones,35.0,male,Los Angeles,2020-05-29,161.94,4.0
CUST00831,Susan Martinez,38.0,Male,Phoenix,"May 01, 2023",406.21,4.0
CUST00511,Karen Lopez,34.0,FEMALE,Dallas,11-Apr-2021,618.88,5.0
CUST00098,Barbara Davis,48.0,Male,Dallas,16/08/2018,126.18,4.0
CUST00286,Sarah Gonzalez,70.0,M,Phoenix,31-Oct-2019,224.91,5.0
CUST00887,Michael Anderson,43.0, female,PHILADELPHIA,2023-09-09,269.44,2.0
CUST00661,Thomas Johnson,56.0,male,San Antonio,"March 28, 2022",109.92,5.0
CUST00499,Mary Hernandez,37.0,Female,,13/03/2021,468.93,3.0
CUST00910,James Garcia,31.0,Male,Philadelphia,11-02-2023,290.36,4.0
CUST00018,Charles Lopez,38.0,F,New York,09-Feb-2018,299.16,2.0
CUST00197,Elizabeth Johnson,30.0, female,Los Angeles,"April 05, 2019",443.9,2.0
CUST00027,Joseph Lopez,24.0,Male ,Houston,2018-03-02,84.19,3.0
CUST00969,David Gonzalez,58.0,Male,Phoenix,"March 20, 2024",77.67,3.0
CUST00187,James Brown,, female,San Diego,03-13-2019,183.82,4.0
CUST00743,David Smith,32.0,female,Phoenix,2022-10-07,94.27,4.0
CUST00345,Linda Gonzalez,31.0,Male ,Phoenix,"March 17, 2020",83.35,4.0
CUST00702,Susan Miller,28.0,female,Los Angeles,2022-07-03,270.73,5.0
CUST00190,Sarah Rodriguez,39.0,MALE,San Antonio,20/03/2019,$341.24,5.0
CUST00974,William Smith,30.0,MALE,Los Angeles,04-01-2024,,-1.0
CUST00969,David Gonzalez,58.0,Male,Phoenix,"March 20, 2024",77.67,3.0
CUST00271,John Lopez,55.0,Male ,Los Angeles,"September 26, 2019",693.88,3.0
CUST00327,William Johnson,21.0,male,New York,2020-02-04,335.27,
CUST00806,Jessica Davis,41.0,M,Philadelphia,04/03/2023,122.7,3.0
CUST00692,David Martinez,25.0,F,Philadelphia,06-09-2022,343.88,3.0
CUST00778,Charles Thomas,19.0,male,Phoenix,"December 28, 2022",200.69,3.0
CUST00795,Barbara Wilson,36.0,female,Philadelphia,2023-02-06,123.42,3.0
CUST00352,Barbara Gonzalez,32.0,F,New York,03-Apr-2020,550.13,5.0
CUST00386,Richard Jones,44.0,Female,Chicago,21/06/2020,230.01,5.0
CUST00752,Michael Williams,32.0,FEMALE,San Jose,28-Oct-2022,76.95,3.0
CUST00791,Thomas Brown,52.0,female,Houston,2023-01-27,884.14,4.0
CUST00495,Thomas Lopez,48.0,Male,Phoenix,"March 04, 2021",220.33,4.0
CUST00263,Patricia Thomas,40.0,Male ,San Antonio,2019-09-07,,4.0
839,Robert Brown,,Male ,San Diego,2023-05-20,120.69,5.0
CUST00075,Karen Gonzalez,31.0,Male ,Chicago,2018-06-23,361.18,
CUST00169,Charles Garcia,50.0,female,New York,2019-01-30,374.8,4.0
CUST00927,David Brown,44.0,female,Philadelphia,"December 12, 2023",1406.13,4.0
CUST00563,Jennifer Smith,,M,San Diego,11/08/2021,688.92,2.0
CUST00762,Barbara Wilson,43.0,Male,San Diego,20/11/2022,77.9,3.0
CUST00659,Charles Anderson,35.0,MALE,San Antonio,03-24-2022,240.59,2.0
CUST00729,Charles Jones,50.0,MALE,Phoenix,2022-09-04,395.52,3.0
CUST00554,John Jones,30.0,Male,Phoenix,"July 20, 2021",42.88,4.0
CUST00307,Susan Anderson, 32 ,male,San Antonio,2019-12-19,150.31,4.0
CUST00981,James Johnson,53.0, female,San Antonio,17-Apr-2024,132.91,4.0
CUST00784,Thomas Wilson,21.0,F,Philadelphia,11/01/2023,106.16,3.0
CUST00868,Charles Martinez,23.0, female,New York,27/07/2023,359.85,4.0
CUST00895,Thomas Davis,38.0,Male,Los Angeles,28/09/2023,488.68,5.0
CUST00790,Joseph Davis,8.0,M,Philadelphia,2023-01-25,871.22,2.0
CUST00863,John Lopez,43.0,female,San Diego,"July 15, 2023",346.48,5.0
CUST00473,Mary Gonzalez,42.0,Male ,Phoenix,"January 12, 2021",670.58,2.0
CUST00309,Joseph Thomas,47.0,female,Dallas,24/12/2019,159.88,2.0
CUST00111,James Smith,31.0,Male ,Philadelphia,15/09/2018,44.02,5.0
CUST00526,Susan Thomas,36.0,MALE,Los Angeles,2021-05-16,113.07,3.0
CUST00633,David Garcia,25.0,male,Houston,01-22-2022,392.91,4.0
CUST00058,Michael Rodriguez,,male,San Antonio,2018-05-14,,3.0
CUST00650,Linda Smith,51.0, female,San Jose,03-03-2022,78.86,5.0
CUST00007,Patricia Davis,33.0,male,San Diego,15/01/2018,171.15,5.0
CUST00631,William Williams,29.0,Male ,San Jose,01-17-2022,630.41,5.0
CUST00139,Jessica Martinez,39.0,female,Philadelphia,20/11/2018,,2.0
CUST00164,Jessica Brown,26.0, female,  Philadelphia  ,"January 18, 2019",347.87,3.0
CUST00359,Karen Rodriguez,25.0,M,New York,19/04/2020,364.96,5.0
CUST00889,Mary Wilson,29.0, female,Houston,2023-09-14,88.03,
CUST00837,Joseph Miller,50.0,F,Los Angeles,05-15-2023,259.91,4.0
CUST00044,Sarah Anderson, 60 ,MALE,New York,11-Apr-2018,120.02,4.0
CUST00616,Elizabeth Smith,40.0,FEMALE,Chicago,2021-12-13,496.66,5.0
CUST00064,Robert Smith,62.0,Male,New York,"May 28, 2018",451.73,3.0
CUST00592,Linda Jones,38.0,female,Philadelphia,18/10/2021,112.77,4.0
CUST00587,Jennifer Gonzalez,45.0,Male,Philadelphia,"October 06, 2021",326.67,4.0
CUST00039,Patricia Wilson,71.0, female,San Jose,"March 31, 2018",362.55,
CUST00400,John Jones,37.0, female,Phoenix,24-Jul-2020,89.58,5.0
CUST00745,Mary Rodriguez,26.0,MALE,Philadelphia,2022-10-11,111.89,5.0
CUST00687,Charles Thomas,33.0,male,Phoenix,05-28-2022,$648.98,4.0
CUST00982,James Smith,46.0,MALE,San Antonio,2024-04-19,244.88,3.0
CUST00205,Michael Rodriguez,47.0,Male,San Diego,24-Apr-2019,268.06,3.0
CUST00421,David Williams,37.0,MALE,Los Angeles,"September 12, 2020",301.67,3.0
CUST00959,Patricia Rodriguez,72.0,M,New York,02-25-2024,670.49,4.0
CUST00811,Thomas Williams,49.0,MALE,Houston,"March 15, 2023",$133.19,5.0
CUST00285,Patricia Martinez,42.0,,New York,29/10/2019,374.2,4.0
CUST00508,Linda Jones,,Male ,Dallas,04-04-2021,118.74,1.0
CUST00287,DAVID GONZALEZ,37.0,female,,2019-11-02,600.82,2.0
CUST00007,Patricia Davis,33.0,male,San Diego,15/01/2018,171.15,5.0
CUST00419,Joseph Jones,32.0,F,San Diego,unknown,164.95,5.0
CUST00753,ROBERT JOHNSON,,FEMALE,San Diego,2022-10-30,420.12,1.0
CUST00473,Mary Gonzalez,42.0,Male ,Phoenix,"January 12, 2021",670.58,2.0
CUST00186,Robert Lopez,52.0, female,Dallas,2019-03-10,171.98,4.0
CUST00447,Patricia Davis,36.0,Male ,San Diego,12-Nov-2020,,3.0
CUST00965,Sarah Wilson,46.0,MALE,San Antonio,10-Mar-2024,192.08,4.0
CUST00855,Elizabeth Rodriguez,56.0,F,San Jose,"June 26, 2023",160.16,4.0
CUST00819,Thomas Rodriguez,26.0,FEMALE,San Jose,03/04/2023,117.65,4.0
CUST00229,Sarah Lopez,47.0,male,Houston,"June 19, 2019",266.69,2.0
CUST00548,Robert Williams,42.0,MALE,San Diego,06/07/2021,88.12,5.0
CUST00105,Robert Smith,41.0,Female,Phoenix,09-01-2018,$155.61,3.0
CUST00368,Jennifer Lopez,56.0,Male,Houston,10-May-2020,86.87,2.0
CUST00062,John Williams,30.0,,Los Angeles,24/05/2018,234.2,5.0
CUST00626,Charles Davis,32.0,Male,Los Angeles,"January 05, 2022",269.0,4.0
CUST00597,Patricia Brown,52.0,female,San Antonio,29/10/2021,362.67,2.0
CUST00508,Linda Jones,,Male ,Dallas,04-04-2021,118.74,1.0
CUST00545,Susan Jones,60.0,Male,Chicago,06-29-2021,135.08,4.0
CUST00596,Charles Williams,63.0,Female,New York,"October 27, 2021",428.87,3.0
CUST00747,William Rodriguez,55.0,M,San Jose,"October 16, 2022",$192.44,4.0
CUST00455,John Rodriguez,44.0,F,San Diego,30-Nov-2020,738.59,3.0
CUST00254,James Wilson,42.0,FEMALE,Los Angeles,17-Aug-2019,162.63,4.0
CUST00730,Patricia Williams, 46 ,Male,Philadelphia,06/09/2022,71.95,
CUST00515,Jennifer Williams,40.0,F,New York,04-20-2021,,1.0
CUST00709,David Wilson,34.0,M,Phoenix,19-Jul-2022,50000.0,
CUST00436,Karen Davis,42.0,male,Dallas,17/10/2020,428.03,
CUST00571,Jennifer Williams,42.0,female,Phoenix,29/08/2021,119.46,5.0
CUST00110,John Thomas,15.0,MALE,Houston,13/09/2018,188.44,
CUST00677,Joseph Davis,, female,Philadelphia,2022-05-05,275.43,10.0
CUST00361,William Smith,17.0,MALE,Chicago,"April 24, 2020",34.23,5.0
CUST00337,Charles Gonzalez,33.0,FEMALE,San Jose,"February 28, 2020",356.88,4.0
CUST00611,David Lopez,30.0,F,San Antonio,unknown,,4.0
700,Barbara Davis,32.0,Male ,San Antonio,,550.37,4.0
CUST00320,Sarah Anderson,44.0,FEMALE,San Jose,"January 19, 2020",224.59,1.0
CUST00614,John Davis,,M,Chicago,12-08-2021,226.36,1.0
CUST00397,Thomas Jones,29.0,M,Philadelphia,"July 17, 2020",238.35,4.0
CUST00149,Robert Brown,16.0,male,Houston,12-14-2018,365.46,5.0
CUST00793,James Thomas,44.0,Male ,San Antonio,01/02/2023,184.94,4.0
CUST00690,James Anderson,45.0,Male,  Philadelphia  ,04-Jun-2022,80.66,
CUST00541,Jennifer Miller,44.0,MALE,dallas,2021-06-20,89.77,
CUST00159,Mary Garcia,40.0,M,Houston,06/01/2019,354.87,5.0
CUST00786,Richard Johnson, 9 ,FEMALE,Los Angeles,"January 16, 2023",325.87,5.0
CUST00483,Elizabeth Miller,49.0,Female,Los Angeles,02-04-2021,478.74,4.0
CUST00570,Charles Garcia,38.0,FEMALE,San Jose,27-Aug-2021,86.53,4.0
CUST00494,Linda Davis,53.0,Male ,SAN JOSE,03-02-2021,264.59,4.0
CUST00024,Susan Johnson,40.0,F,New York,23/02/2018,221.07,5.0
CUST00782,Robert Johnson,42.0,MALE,Houston,2023-01-06,870.32,4.0
CUST00129,Charles Brown,28.0,Male ,Philadelphia,10-28-2018,388.97,4.0
CUST00860,Linda Hernandez,53.0,,Houston,2023-07-08,45.18,4.0
CUST00971,Jennifer Rodriguez,39.0,male,Philadelphia,"March 24, 2024",250.62,3.0
CUST00325,Susan Gonzalez,39.0,MALE,San Jose,30-Jan-2020,154.24,5.0
CUST00901,William Thomas,41.0, female,Dallas,"October 12, 2023",65.66,4.0
CUST00512,David Brown,44.0,F,San Jose,04-13-2021,129.88,3.0
CUST00363,James Jones,35.0,M,Dallas,04-29-2020,234.1,3.0
CUST00654,Charles Wilson,27.0,MALE,Philadelphia,2022-03-12,297.05,5.0
CUST00468,Robert Gonzalez,57.0,Female,San Diego,12-31-2020,35.0,4.0
CUST00714,Elizabeth Brown,33.0,Male ,San Diego,31-Jul-2022,193.81,3.0
CUST00954,Robert Brown,40.0,male,Los Angeles,02-14-2024,468.36,
CUST00758,John Lopez,39.0,female,New York,11-Nov-2022,538.95,5.0
CUST00829,Linda Brown,54.0,F,Chicago,04-26-2023,244.46,4.0
CUST00925,William Miller,25.0,Male,Philadelphia,08/12/2023,809.98,3.0
CUST00420,Susan Johnson,49.0,Male ,Philadelphia,09-Sep-2020,640.51,3.0
CUST00527,Jennifer Jones,29.0,Female,San Jose,05-18-2021,52.33,4.0
CUST00610,Linda Lopez,53.0,female,Dallas,11-29-2021,102.98,5.0
CUST00250,Karen Jones,21.0, female,San Antonio,08-07-2019,48.85,4.0
CUST00380,Robert Gonzalez,,MALE,Dallas,07-Jun-2020,372.55,4.0
CUST00016,Jessica Anderson,53.0,M,San Antonio,05-Feb-2018,246.25,5.0
CUST00160,Robert Thomas,59.0,Male ,Philadelphia,2019-01-08,290.54,3.0
CUST00644,David Garcia,32.0,M,Los Angeles,"February 17, 2022",364.94,5.0
CUST00049,James Lopez,55.0,Female,Chicago,2018-04-23,627.6,5.0
CUST00930,David Hernandez,32.0,M,Philadelphia,"December 19, 2023",13.63,3.0
CUST00864,Jessica Gonzalez,53.0,Male,Los Angeles,2023-07-18,125.01,5.0
CUST00412,Mary Garcia,54.0, female,Los Angeles,unknown,79.44,3.0
CUST00378,Jessica Gonzalez,24.0, female,New York,03-Jun-2020,129.78,4.0
CUST00295,John Lopez,42.0,M,Dallas,11-21-2019,312.17,5.0
CUST00568,Linda Davis,49.0,F,San Jose,2021-08-22,29.85,5.0
CUST00128,Robert Anderson,62.0,F,Dallas,25-Oct-2018,147.57,2.0
CUST00298,Robert Rodriguez,57.0,Male ,San Diego,28/11/2019,$190.22,5.0
CUST00995,Jennifer Rodriguez,, female,Los Angeles,05-20-2024,300.89,5.0
CUST00238,Jessica Rodriguez,35.0,FEMALE,Phoenix,"July 10, 2019",198.21,4.0
CUST00168,Barbara Hernandez,14.0,Female,San Jose,2019-01-27,435.14,4.0
CUST00891,Barbara Miller,27.0,male,Dallas,19/09/2023,235.76,4.0
CUST00447,Patricia Davis,36.0,Male ,San Diego,12-Nov-2020,,3.0
CUST00081,Michael Hernandez,29.0,M,San Diego,2018-07-07,158.16,5.0
CUST00670,Sarah Miller,33.0,female,Los Angeles,19-Apr-2022,655.3,4.0
CUST00940,Mary Gonzalez,43.0,Male ,San Antonio,2024-01-12,309.31,3.0
CUST00936,Charles Rodriguez,37.0,male,Houston,2024-01-02,121.22,4.0
CUST00031,Thomas Brown,39.0,Female,San Antonio,"March 12, 2018",165.97,3.0
CUST00243,Robert Lopez,31.0,Male,Chicago,22-Jul-2019,229.94,4.0
CUST00874,Charles Thomas,11.0, female,Houston,2023-08-10,105.63,
CUST00740,Patricia Anderson,46.0,F,Chicago,09-30-2022,67.13,1.0
CUST00572,Michael Williams,34.0,M,New York,01-Sep-2021,150.47,2.0
CUST00878,Richard Hernandez, 42 ,M,San Jose,2023-08-19,,4.0
CUST00579,Jennifer Rodriguez,44.0,M,Philadelphia,17/09/2021,192.37,4.0
CUST00050,Linda Davis,38.0,FEMALE,Phoenix,2018-04-25,212.49,5.0
CUST00028,Michael Lopez,36.0,Female,  San Antonio  ,"March 05, 2018",$294.64,3.0
CUST00578,Patricia Gonzalez,37.0,F,New York,09-15-2021,269.19,3.0
CUST00123,Jessica Thomas,42.0,Male ,Phoenix,14/10/2018,542.99,4.0
CUST00802,Michael Wilson,33.0,male,San Antonio,2023-02-22,616.91,3.0
CUST00934,John Hernandez,32.0,M,New York,"December 29, 2023",365.2,2.0
CUST00721,Jennifer Hernandez,37.0, female,Dallas,16/08/2022,202.01,
CUST00723,Barbara Gonzalez,39.0,MALE,Chicago,"August 21, 2022",84.87,4.0
CUST00564,Joseph Smith,29.0, female,Phoenix,08-13-2021,456.47,5.0
CUST00509,Patricia Davis,40.0,FEMALE,Phoenix,06/04/2021,32.54,3.0
CUST00590,Karen Davis,27.0,Female,San Diego,13/10/2021,536.36,4.0
CUST00272,Robert Smith,36.0,FEMALE,Dallas,,263.53,5.0
CUST00348,Richard Lopez,58.0,MALE,San Antonio,03-24-2020,35.08,5.0
CUST00756,Jennifer Johnson, 31 ,Male,San Diego,"November 06, 2022",126.26,3.0
CUST00278,Charles Johnson,49.0, female,Los Angeles,12-Oct-2019,113.31,2.0
CUST00846,Richard Davis,41.0,M,Phoenix,05-Jun-2023,334.08,4.0
CUST00906,Patricia Johnson,25.0,Male,New York,,179.73,4.0
CUST00432,Thomas Jones,50.0,FEMALE,  San Jose  ,10-07-2020,259.74,4.0
CUST00783,Elizabeth Miller, 38 ,female,  Dallas  ,09-Jan-2023,337.32,5.0
CUST00741,Karen Williams,49.0, female,Los Angeles,2022-10-02,328.04,4.0
CUST00148,Jessica Thomas,59.0,MALE,Philadelphia,11-Dec-2018,126.1,5.0
CUST00300,Karen Thomas,55.0,Male ,Chicago,2019-12-03,734.43,3.0
CUST00557,Patricia Rodriguez,34.0,Female,San Antonio,2021-07-28,$152.39,4.0
CUST00446,Patricia Davis,54.0,Male ,Los Angeles,11-09-2020,166.15,4.0
CUST00876,James Hernandez,41.0,F,Dallas,08-15-2023,330.55,3.0
CUST00458,Thomas Wilson,44.0,Female,Dallas,07/12/2020,199.3,5.0
CUST00052,Thomas Davis,31.0,MALE,Los Angeles,30/04/2018,209.48,4.0
CUST00877,Jessica Rodriguez,35.0,female,San Jose,17/08/2023,331.27,5.0
CUST00519,Barbara Jones,28.0,Male,Phoenix,2021-04-29,183.24,5.0
CUST00023,Sarah Brown,30.0,Female,Chicago,2018-02-21,184.32,3.0
CUST00319,David Hernandez,, female,Phoenix,"January 16, 2020",331.33,2.0
CUST00674,Joseph Jones,47.0,MALE,Phoenix,"April 28, 2022",561.77,5.0
CUST00433,Patricia Martinez,27.0, female,Houston,10-10-2020,265.71,1.0
CUST00210,Susan Lopez,43.0,Male ,Chicago,"May 06, 2019",$478.99,3.0
CUST00620,William Garcia,36.0, female,Chicago,"December 22, 2021",211.07,4.0
CUST00143,James Thomas,22.0,male,Houston,30-Nov-2018,478.65,3.0
CUST00051,David Williams,49.0,female,San Diego,2018-04-28,440.23,3.0
CUST00167,James Thomas,52.0, female,San Diego,2019-01-25,436.81,3.0
CUST00911,Sarah Johnson,40.0,F,Los Angeles,05-Nov-2023,88.4,4.0
CUST00926,Joseph Miller,42.0,Male ,San Diego,2023-12-10,489.06,2.0
CUST00082,Charles Garcia,45.0,Male ,Los Angeles,09-Jul-2018,,2.0
CUST00847,Joseph Rodriguez,44.0,Male ,Houston,06-08-2023,207.03,4.0
CUST00322,Elizabeth Martinez,39.0,Male,San Antonio,23/01/2020,46.02,4.0
CUST00738,John Davis,37.0,Male,Philadelphia,25/09/2022,181.71,1.0
CUST00963,Richard Smith,37.0,FEMALE,chicago,03-06-2024,342.66,5.0
CUST00900,Michael Martinez,26.0,FEMALE,San Jose,"October 10, 2023",250.14,5.0
CUST00067,Robert Smith,24.0,male,Houston,06-04-2018,207.31,5.0
CUST00335,Richard Brown,54.0, female,New York,"February 23, 2020",845.27,
CUST00134,Linda Smith,42.0,Male ,San Antonio,08/11/2018,59.4,5.0
CUST00704,Charles Smith,33.0,Male,Dallas,07-Jul-2022,218.12,
CUST00290,John Rodriguez,22.0,Male,San Jose,09-Nov-2019,191.23,4.0
CUST00340,Elizabeth Martinez,39.0,male,San Antonio,03-06-2020,114.9,4.0
CUST00946,Linda Lopez,39.0,female,San Antonio,"January 26, 2024",288.46,3.0
CUST00284,William Miller,44.0,male,New York,2019-10-26,338.6,4.0
CUST00501,John Rodriguez,55.0,female,Phoenix,2021-03-18,1002.69,2.0
CUST00664,Linda Gonzalez,51.0,female,San Diego,04/04/2022,187.49,4.0
CUST00065,Robert Jones,32.0, female,Philadelphia,31-May-2018,76.36,2.0
CUST00753,Robert Johnson,,FEMALE,San Diego,2022-10-30,420.12,1.0
265,Mary Smith,50.0, female,New York,12-Sep-2019,182.64,4.0
CUST00450,Sarah Gonzalez,48.0,female,San Diego,11-19-2020,924.75,4.0
CUST00581,John Hernandez,54.0,F,New York,09-22-2021,37.87,2.0
CUST00683,Susan Anderson,42.0,Female,Houston,19/05/2022,226.12,4.0
CUST00021,Charles Miller,46.0,female,CHICAGO,16/02/2018,384.79,5.0
CUST00443,Jessica Anderson,39.0,,San Diego,"November 02, 2020",104.15,4.0
CUST00821,John Gonzalez,48.0,F,Los Angeles,08-Apr-2023,401.42,3.0
CUST00956,Susan Miller,60.0,female,Houston,18/02/2024,49.65,4.0
CUST00297,Richard Miller,44.0, female,Philadelphia,26-Nov-2019,199.92,4.0
CUST00500,Richard Garcia,29.0,Female,,2021-03-16,866.54,3.0
CUST00573,Linda Martinez,17.0,Male ,Philadelphia,,$316.75,4.0
CUST00262,John Gonzalez,24.0,Male ,san jose,05-Sep-2019,194.32,1.0
CUST00998,Barbara Davis,49.0,Female,San Diego,"May 27, 2024",247.6,2.0
CUST00975,Barbara Rodriguez,27.0,FEMALE,Phoenix,04-03-2024,683.92,4.0
CUST00823,Jennifer Miller,35.0,Female,Dallas,12/04/2023,140.7,5.0
CUST00558,Richard Martinez,42.0,Male,Houston,30-Jul-2021,477.38,5.0
CUST00612,Barbara Brown,52.0,F,San Antonio,12-04-2021,192.69,3.0
CUST00622,James Wilson,43.0,,San Diego,27-Dec-2021,290.86,4.0
CUST00529,Patricia Gonzalez,33.0,Male,Houston,2021-05-23,101.35,5.0
CUST00880,Elizabeth Brown,15.0,FEMALE,New York,"August 24, 2023",$200.52,2.0
CUST00189,Robert Thomas,44.0,Male,Houston,17/03/2019,155.78,3.0
CUST00252,Jessica Jones,37.0,Female,Phoenix,12-Aug-2019,156.1,4.0
CUST00072,Elizabeth Lopez, 39 ,FEMALE,Chicago,2018-06-16,293.55,3.0
CUST00102,Thomas Martinez,59.0, female,San Diego,2018-08-25,271.99,4.0
CUST00979,Elizabeth Davis,67.0,Female,New York,12/04/2024,267.11,1.0
CUST00766,John Garcia,29.0,male,Philadelphia,"November 30, 2022",274.72,4.0
CUST00398,John Garcia,14.0,Female,Los Angeles,20-Jul-2020,157.61,4.0
CUST00886,David Jones,54.0,M,Philadelphia,09-07-2023,327.76,
CUST00566,Joseph Miller,17.0,MALE,New York,"August 18, 2021",318.2,5.0
CUST00667,Charles Wilson,, female,San Antonio,2022-04-12,611.96,4.0
CUST00994,Jennifer Rodriguez,32.0,Female,New York,17/05/2024,440.7,4.0
CUST00771,William Gonzalez,47.0,female,Houston,2022-12-11,357.42,1.0
CUST00331,Jessica Gonzalez,49.0,Female,Philadelphia,"February 13, 2020",377.78,5.0
CUST00453,Elizabeth Gonzalez,53.0, female,Philadelphia,"November 26, 2020",86.09,5.0
CUST00599,John Brown,43.0,Male,Los Angeles,2021-11-03,$603.00,5.0
CUST00734,Michael Davis,51.0,FEMALE,Los Angeles,16/09/2022,238.71,5.0
CUST00366,Elizabeth Thomas,,F,Phoenix,06/05/2020,185.44,5.0
CUST00282,Elizabeth Martinez,,female,Dallas,22-Oct-2019,132.05,4.0
CUST00865,John Gonzalez,33.0,Male,Chicago,07-20-2023,284.71,5.0
CUST00781,Karen Miller,50.0,Male ,Houston,"January 04, 2023",256.81,1.0
CUST00813,Sarah Brown,36.0, female,,20/03/2023,114.86,5.0
CUST00908,Thomas Lopez,42.0,F,Houston,2023-10-29,327.64,2.0
CUST00464,Jessica Gonzalez,29.0,female,San Jose,12-21-2020,129.09,4.0
CUST00799,Richard Gonzalez,34.0,Male,Houston,15-Feb-2023,505.1,2.0
CUST00208,Linda Thomas,27.0,F,Phoenix,"May 01, 2019",330.54,4.0
CUST00514,Thomas Wilson,28.0,Male,Philadelphia,04-18-2021,382.91,4.0
CUST00219,John Smith,37.0,F,San Diego,2019-05-27,67.62,3.0
CUST00240,James Thomas,54.0,male,San Jose,"July 15, 2019",-100.0,5.0
CUST00834,Robert Davis,30.0,female,Los Angeles,05-08-2023,589.55,3.0
CUST00356,David Lopez,49.0,Male ,Phoenix,04-12-2020,81.43,4.0
CUST00565,Thomas Smith,27.0,Male ,New York,15-Aug-2021,38.12,3.0
CUST00193,Susan Davis,34.0,FEMALE,New York,27-Mar-2019,97.19,1.0
CUST00281,,37.0,female,Houston,2019-10-19,209.66,3.0
CUST00192,Robert Davis,56.0,Male,SAN ANTONIO,24/03/2019,571.77,4.0
CUST00408,James Smith,42.0,Female,San Diego,12/08/2020,86.42,3.0
CUST00431,Elizabeth Williams,40.0,FEMALE,Houston,"October 05, 2020",185.98,4.0
CUST00685,Michael Martinez,21.0,female,Dallas,"May 24, 2022",$106.48,5.0
CUST00133,Michael Johnson,36.0,male,New York,11-06-2018,789.63,3.0
CUST00707,Richard Rodriguez,,female,San Jose,14-Jul-2022,775.77,5.0
CUST00524,Barbara Anderson,56.0,female,Chicago,11/05/2021,151.38,3.0
CUST00253,Michael Brown,34.0,FEMALE,San Diego,15-Aug-2019,63.43,
CUST00751,Elizabeth Rodriguez,,F,Los Angeles,"October 26, 2022",485.05,4.0
CUST00552,Susan Lopez,13.0,Male ,San Antonio,2021-07-16,180.83,5.0
CUST00264,Jessica Miller,41.0,male,  San Antonio  ,09/09/2019,,5.0
CUST00071,Joseph Martinez,40.0,F,New York,2018-06-14,585.11,4.0
CUST00273,James Davis,40.0,female,Philadelphia,2019-09-30,145.52,5.0
CUST00113,Mary Jones,47.0,,San Jose,20-Sep-2018,522.22,2.0
CUST00328,Mary Jones,40.0,female,Houston,2020-02-06,545.73,4.0
CUST00116,Patricia Miller,33.0,M,,"September 27, 2018",282.22,5.0
CUST00324,Jennifer Miller,52.0,Male,Houston,01-28-2020,435.48,3.0
CUST00503,Jennifer Garcia,35.0,Male,houston,23-Mar-2021,242.23,4.0
CUST00923,Patricia Smith,48.0,FEMALE,Los Angeles,03-Dec-2023,110.09,4.0
CUST00424,Sarah Johnson,47.0,Female,Phoenix,19-Sep-2020,538.03,3.0
CUST00904,John Gonzalez,,Female,San Antonio,"October 19, 2023",561.59,3.0
CUST00665,Michael Williams,30.0,M,San Jose,07/04/2022,87.5,4.0
CUST00826,Richard Johnson,47.0,Male,Houston,2023-04-19,339.24,4.0
CUST00516,Mary Anderson,32.0, female,San Antonio,"April 22, 2021",290.51,3.0
CUST00531,James Garcia,47.0,F,San Diego,28/05/2021,,5.0
CUST00603,Linda Miller,37.0,female,Houston,2021-11-12,805.93,4.0
CUST00861,John Thomas,41.0,male,Chicago,"July 10, 2023",381.03,4.0
CUST00653,Charles Hernandez,45.0,female,SAN JOSE,10/03/2022,369.65,4.0
CUST00279,Robert Miller,49.0,Female,San Antonio,"October 15, 2019",436.42,5.0
CUST00838,Thomas Rodriguez,44.0,female,Los Angeles,"May 18, 2023",,3.0
CUST00694,Barbara Brown,21.0,Male ,Houston,2022-06-14,119.66,4.0
CUST00003,Linda Gonzalez,48.0,,Philadelphia,2018-01-05,508.98,2.0
CUST00230,Elizabeth Wilson,,,Los Angeles,22-Jun-2019,725.46,5.0
CUST00504,Jessica Brown,36.0,Male ,Philadelphia,03-25-2021,280.25,4.0
CUST00989,Sarah Anderson,42.0,female,Chicago,2024-05-06,261.32,2.0
CUST00867,Linda Gonzalez,66.0,M,,2023-07-25,176.44,5.0
CUST00913,Joseph Gonzalez,25.0,Male,Los Angeles,09-Nov-2023,439.34,
CUST00619,Susan Davis,50.0,male,Houston,12-20-2021,51.97,5.0
CUST00200,David Garcia, 54 ,Female,San Jose,2019-04-12,545.76,4.0
CUST00372,Sarah Lopez,52.0,Female,Dallas,20/05/2020,534.45,4.0
915,Robert Brown,48.0,Male,Houston,14-Nov-2023,$295.47,5.0
CUST00405,Susan Smith,53.0,,New York,08-05-2020,133.78,1.0
CUST00438,Jennifer Jones,14.0,Male,San Antonio,21-Oct-2020,339.85,3.0
CUST00951,Karen Miller,,MALE,New York,2024-02-07,361.96,4.0
CUST00066,Joseph Wilson,43.0, female,PHILADELPHIA,02-Jun-2018,678.48,5.0
CUST00308,Karen Williams,45.0, female,San Diego,"December 22, 2019",66.4,2.0
CUST00041,Linda Wilson,39.0,MALE,,2018-04-04,159.0,1.0
CUST00591,Joseph Gonzalez,44.0,Male,Chicago,"October 15, 2021",328.66,4.0
CUST00794,Richard Martinez,43.0,Male,Los Angeles,03/02/2023,301.76,4.0
CUST00866,Thomas Johnson,24.0, female,Chicago,"July 22, 2023",333.6,3.0
CUST00505,David Wilson,35.0,M,San Jose,03-28-2021,841.77,5.0
CUST00542,Robert Wilson,41.0,M,Los Angeles,22/06/2021,183.05,4.0
CUST00811,Thomas Williams,49.0,MALE,Houston,"March 15, 2023",$133.19,5.0
CUST00604,Joseph Martinez,54.0,Female,Philadelphia,"November 15, 2021",432.57,5.0
CUST00274,Elizabeth Hernandez,45.0,Male,  Chicago  ,03-Oct-2019,114.12,5.0
CUST00744,Richard Hernandez,42.0,M,San Jose,2022-10-09,274.9,4.0
CUST00672,Robert Davis,31.0,MALE,SAN JOSE,23-Apr-2022,229.2,4.0
CUST00686,Michael Smith,42.0,MALE,  Chicago  ,26-May-2022,460.0,3.0
CUST00809,Michael Brown,36.0,Female,Houston,"March 11, 2023",57.12,4.0
CUST00178,Jessica Williams,23.0,M,Dallas,02-20-2019,429.08,3.0
CUST00301,Richard Hernandez,10.0,male,Chicago,"December 05, 2019",167.0,3.0
CUST00038,Elizabeth Wilson,44.0,F,Houston,03-28-2018,284.92,4.0
CUST00354,Joseph Jones,28.0,M,Los Angeles,07-Apr-2020,269.25,4.0
CUST00203,Robert Johnson,71.0,Female,Los Angeles,"April 19, 2019",,4.0
CUST00237,Mary Thomas,61.0,Female,San Antonio,07-08-2019,280.07,5.0
CUST00150,James Davis,,M,Philadelphia,"December 16, 2018",36.44,4.0
724,Michael Martinez,57.0,FEMALE,Houston,2022-08-23,999.49,4.0
CUST00448,Robert Thomas,47.0,Male ,New York,14-Nov-2020,92.32,5.0
CUST00218,David Lopez,48.0,Male,San Diego,05-24-2019,$202.25,2.0
CUST00919,Joseph Thomas,30.0, female,,24/11/2023,25.13,4.0
CUST00474,Susan Hernandez,26.0,M,Chicago,14-Jan-2021,$350.02,5.0
CUST00588,Joseph Brown,32.0,Male,NEW YORK,08/10/2021,179.29,3.0
CUST00652,Richard Wilson,18.0,F,Chicago,2022-03-07,655.23,5.0
CUST00732,David Thomas,42.0,Female,  San Antonio  ,11/09/2022,181.01,5.0
CUST00303,Patricia Lopez,66.0,F,Los Angeles,2019-12-10,191.72,3.0
CUST00968,Jennifer Thomas,19.0,male,Chicago,03-17-2024,99999.99,4.0
CUST00976,Susan Thomas,30.0,Male ,Dallas,05/04/2024,266.9,4.0
CUST00716,Mary Smith,44.0,M,San Jose,"August 04, 2022",59.19,3.0
CUST00984,James Gonzalez,30.0,M,San Diego,24-Apr-2024,200.1,4.0
CUST00389,Joseph Smith,,Male,New York,2020-06-28,129.77,3.0
CUST00479,Richard Johnson,43.0,FEMALE,Phoenix,26/01/2021,492.55,4.0
CUST00492,Joseph Garcia,44.0, female,Los Angeles,"February 25, 2021",,5.0
CUST00423,Mary Garcia,40.0,M,San Antonio,2020-09-16,428.97,3.0
CUST00388,James Johnson,39.0,Male,New York,06-26-2020,$330.36,5.0
CUST00858,Mary Davis,32.0,male,San Jose,03-Jul-2023,,3.0
CUST00391,Thomas Gonzalez,44.0,male,Phoenix,03-Jul-2020,135.52,4.0
CUST00535,Mary Gonzalez,45.0, female,Phoenix,06-06-2021,149.51,5.0
CUST00353,Richard Gonzalez,46.0,male,San Antonio,"April 05, 2020",233.48,3.0
CUST00194,Sarah Thomas,46.0, female,,"March 29, 2019",255.68,3.0
CUST00236,James Anderson,63.0,F,Los Angeles,"July 06, 2019",406.04,5.0
CUST00769,Sarah Rodriguez,39.0,male,San Jose,2022-12-07,226.92,3.0
CUST00888,Sarah Brown,54.0,FEMALE,Dallas,09-12-2023,,4.0
CUST00481,Charles Anderson,24.0,Female,Los Angeles,2021-01-30,90.97,4.0
CUST00056,Michael Martinez,57.0,F,San Diego,05-09-2018,527.7,2.0
CUST00117,David Davis,0,Female,Los Angeles,30/09/2018,185.57,3.0
CUST00097,Charles Martinez,25.0, female,San Jose,2018-08-14,276.24,
CUST00142,Thomas Johnson,35.0,F,Los Angeles,"November 27, 2018",10.88,4.0
CUST00745,Mary Rodriguez,26.0,MALE,Philadelphia,2022-10-11,111.89,5.0
CUST00916,Barbara Miller,34.0,Male ,San Antonio,"November 16, 2023",178.45,3.0
CUST00757,Barbara Williams,61.0,Male ,New York,"November 09, 2022",467.2,5.0
CUST00598,David Hernandez,13.0,FEMALE,Dallas,"November 01, 2021",606.26,2.0
CUST00701,Thomas Martinez,46.0, female,NEW YORK,30/06/2022,255.48,3.0
CUST00121,Mary Garcia,44.0,female,San Diego,10-09-2018,619.54,
CUST00801,Robert Hernandez,50.0,Female,Dallas,02-20-2023,119.95,4.0
CUST00772,Joseph Thomas,54.0, female,Phoenix,12-14-2022,371.76,5.0
CUST00369,Linda Martinez,28.0,,New York,2020-05-13,323.31,5.0
CUST00063,Barbara Davis,59.0,Male ,San Diego,2018-05-26,152.28,4.0
CUST00808,Elizabeth Wilson,41.0,MALE,Dallas,"March 08, 2023",550.85,2.0
CUST01000,Karen Wilson,48.0,female,New York,01/06/2024,686.06,3.0
CUST00454,Jennifer Smith,30.0,FEMALE,Dallas,"November 28, 2020",45.29,2.0
CUST00779,Linda Johnson,51.0,female,Phoenix,"December 30, 2022",26.81,5.0
CUST00415,James Garcia,30.0,MALE,San Antonio,28-Aug-2020,620.23,5.0
CUST00004,Michael Martinez,64.0,FEMALE,San Diego,2018-01-08,444.71,3.0
CUST00059,Linda Lopez,39.0,FEMALE,San Diego,17-May-2018,123.24,4.0
CUST00224,Richard Thomas,53.0,MALE,Houston,08/06/2019,156.23,2.0
CUST00222,John Miller,33.0,FEMALE,,03/06/2019,512.77,5.0
CUST00466,Patricia Smith,34.0,MALE,San Jose,2020-12-26,204.68,4.0
CUST00053,Robert Williams,60.0,F,Philadelphia,02/05/2018,86.94,2.0
CUST00486,Thomas Gonzalez,51.0,F,Houston,11-Feb-2021,405.4,5.0
CUST00967,Joseph Anderson,14.0, female,Houston,"March 15, 2024",479.78,3.0
CUST00708,Michael Rodriguez,38.0,male,Chicago,17-Jul-2022,170.97,3.0
CUST00156,Robert Rodriguez,,Male,NEW YORK,2018-12-30,556.04,4.0
CUST00706,Linda Johnson,45.0,male,San Antonio,"July 12, 2022",277.41,5.0
CUST00682,Karen Jones,30.0,M,HOUSTON,05-17-2022,228.44,2.0
CUST00249,Susan Wilson,54.0,Male ,Dallas,"August 05, 2019",301.23,2.0
CUST00442,Charles Anderson,,MALE,san diego,2020-10-31,442.29,5.0
CUST00902,Mary Anderson,39.0,Male,Los Angeles,"October 15, 2023",589.97,3.0
CUST00118,Thomas Anderson,40.0, female,San Antonio,02/10/2018,19.79,5.0
CUST00569,Charles Miller,42.0,male,Philadelphia,25-Aug-2021,234.29,4.0
CUST00710,Patricia Martinez,57.0,MALE,Houston,21/07/2022,66.77,4.0
CUST00292,Robert Thomas,31.0,female,Houston,14-Nov-2019,456.78,4.0
CUST00382,Charles Thomas,47.0,F,San Diego,12/06/2020,556.26,5.0
CUST00636,Mary Hernandez,34.0,Male ,San Jose,29-Jan-2022,87.23,3.0
CUST00201,Jessica Miller,28.0,female,Los Angeles,"April 15, 2019",212.59,5.0
CUST00761,Thomas Anderson,34.0,Male,Phoenix,"November 18, 2022",75.77,5.0
CUST00961,Mary Davis,65.0,M,Chicago,01/03/2024,247.17,4.0
CUST00506,William Miller,35.0,MALE,San Jose,"March 30, 2021",591.09,3.0
CUST00814,Sarah Wilson,27.0,,Phoenix,2023-03-22,162.13,5.0
CUST00319,DAVID HERNANDEZ,, female,Phoenix,"January 16, 2020",331.33,2.0
CUST00341,Charles Miller,,F,,08/03/2020,9.12,
CUST00155,Robert Thomas,41.0,female,Phoenix,"December 28, 2018",,5.0
CUST00914,Barbara Brown,41.0,Male,Phoenix,11-12-2023,181.49,4.0
CUST00595,Mary Hernandez,46.0,Male ,San Jose,10-25-2021,219.47,4.0
CUST00776,Joseph Jones,32.0,Female,Chicago,23-Dec-2022,,4.0
CUST00953,Barbara Jones,29.0,Male,Philadelphia,2024-02-11,297.78,4.0
CUST00323,Barbara Smith,,F,Philadelphia,26/01/2020,223.3,2.0
CUST00642,Jennifer Jones,37.0,male,Dallas,12/02/2022,290.65,4.0
CUST00624,Susan Brown,30.0, female,New York,01-Jan-2022,166.35,5.0
CUST00083,Mary Martinez,66.0,male,New York,07-12-2018,11.17,4.0
CUST00621,David Miller,59.0,Male ,San Jose,12-25-2021,$554.85,3.0
CUST00465,Thomas Martinez,58.0,M,Dallas,24-Dec-2020,243.37,4.0
CUST00871,Linda Hernandez,,MALE,New York,2023-08-03,100.67,5.0
CUST00703,Thomas Johnson,37.0,female,New York,2022-07-05,189.98,4.0
CUST00334,Michael Rodriguez,55.0,Female,New York,"February 21, 2020",157.28,3.0
CUST00011,,48.0,male,San Jose,,1142.78,1.0
CUST00471,Susan Martinez,38.0,male,Chicago,07/01/2021,,4.0
33,Patricia Johnson,45.0,Male ,Houston,17/03/2018,139.3,5.0
CUST00818,William Anderson,50.0,MALE,Philadelphia,01/04/2023,26.33,5.0
CUST00988,Susan Martinez,23.0,Male ,Houston,05-03-2024,275.99,3.0
CUST00383,John Anderson,53.0, female,New York,14/06/2020,117.84,4.0
CUST00645,Sarah Jones,,male,San Diego,19/02/2022,122.7,4.0
CUST00853,William Williams,33.0,F,New York,22-Jun-2023,121.39,3.0
CUST00957,Thomas Wilson,39.0,MALE,San Antonio,"February 21, 2024",116.1,2.0
CUST00966,Sarah Wilson,44.0,MALE,San Diego,"March 13, 2024",422.57,
CUST00379,Richard Wilson,19.0, female,Dallas,06-05-2020,841.99,2.0
CUST00090,James Smith,42.0,female,Phoenix,2018-07-28,918.71,4.0
CUST00214,Charles Rodriguez,29.0,MALE,San Diego,2019-05-15,288.05,5.0
CUST00890,Richard Gonzalez,42.0,Male,Los Angeles,17/09/2023,327.43,5.0
CUST00134,Linda Smith,42.0,Male ,San Antonio,08/11/2018,59.4,5.0
CUST00347,James Williams,51.0, female,  Dallas  ,03-22-2020,$134.81,5.0
CUST00669,James Miller,44.0,Male,San Jose,"April 16, 2022",508.41,4.0
CUST00008,Robert Garcia,40.0, female,Los Angeles,"January 17, 2018",41.87,3.0
CUST00657,Charles Johnson,40.0,MALE,Phoenix,2022-03-19,359.16,4.0
CUST00321,Barbara Rodriguez,,MALE,Houston,2020-01-21,206.29,5.0
CUST00830,Charles Gonzalez,66.0,Male,Dallas,04-29-2023,70.89,
CUST00188,James Thomas,34.0,female,Phoenix,15-Mar-2019,416.21,4.0
CUST00553,Robert Jones,7.0,Male,San Jose,07-18-2021,218.69,3.0
CUST00305,Barbara Rodriguez,,female,Philadelphia,2019-12-14,90.77,3.0
CUST00032,Sarah Davis,46.0,M,Phoenix,03-14-2018,25.43,2.0
CUST00651,Michael Smith,64.0,F,Dallas,05-Mar-2022,404.95,3.0
CUST00241,Michael Thomas,48.0,female,San Diego,"July 17, 2019",651.08,3.0
CUST00774,Michael Smith,45.0,MALE,Houston,2022-12-18,430.51,3.0
CUST00175,James Lopez,26.0, female,,02-13-2019,254.32,4.0
CUST00246,Susan Lopez,61.0, female,New York,"July 29, 2019",150.14,3.0
CUST00057,William Lopez,9.0,male,San Diego,12/05/2018,343.69,4.0
CUST00263,Patricia Thomas,40.0,Male ,San Antonio,2019-09-07,,4.0
CUST00146,William Rodriguez,54.0,FEMALE,San Antonio,07-Dec-2018,174.3,2.0
CUST00091,Karen Gonzalez,34.0,FEMALE,San Jose,31/07/2018,384.19,2.0
CUST00393,William Williams,50.0,Male ,San Diego,"July 08, 2020",273.6,5.0
CUST00311,Barbara Rodriguez,35.0,M,Chicago,"December 29, 2019",95.65,4.0
CUST00360,Sarah Anderson,,MALE,SAN DIEGO,21/04/2020,392.96,5.0
CUST00094,Linda Hernandez,53.0,Male,Houston,"August 07, 2018",48.07,
CUST00737,Joseph Davis,22.0, female,Los Angeles,2022-09-23,764.49,4.0
CUST00797,Robert Martinez,23.0,Female,Philadelphia,10/02/2023,76.35,5.0
CUST00377,Karen Gonzalez,50.0,Male,Dallas,2020-05-31,361.56,5.0
CUST00244,Jessica Williams,50.0, female,San Antonio,2019-07-24,172.02,5.0
CUST00873,James Garcia,47.0,Male ,Philadelphia,08-08-2023,203.94,3.0
CUST00088,David Thomas,54.0,M,Chicago,"July 24, 2018",371.58,
215,Thomas Brown,45.0,M,San Diego,"May 17, 2019",496.89,
CUST00445,,25.0,Female,San Jose,"November 07, 2020",565.86,5.0
CUST00174,Mary Jones,38.0,MALE,San Diego,10-Feb-2019,122.28,3.0
CUST00426,Joseph Hernandez,48.0,M,Houston,2020-09-23,713.16,4.0
CUST00822,John Hernandez,45.0,F,San Jose,10/04/2023,109.66,2.0
CUST00119,Jennifer Davis,48.0,Male,,04-Oct-2018,335.37,
CUST00120,John Brown,34.0,Female,Los Angeles,"October 07, 2018",121.45,3.0
CUST00703,Thomas Johnson,37.0,female,New York,2022-07-05,189.98,4.0
CUST00001,Michael Brown,36.0,M,San Jose,01-Jan-2018,111.16,3.0
CUST00395,Jessica Miller,40.0,Female,San Diego,07-13-2020,554.39,
CUST00402,Elizabeth Williams,38.0,M,Philadelphia,07-29-2020,191.93,4.0
CUST00405,Susan Smith,53.0,,New York,08-05-2020,133.78,1.0
CUST00656,Jessica Davis,37.0,female,Los Angeles,2022-03-17,458.72,
CUST00663,Patricia Smith,33.0,male,Philadelphia,02/04/2022,616.17,5.0
CUST00163,James Wilson,41.0,female,San Diego,15-Jan-2019,200.16,4.0
CUST00115,Jennifer Thomas,34.0,M,Philadelphia,"September 25, 2018",308.89,4.0
CUST00151,Karen Hernandez,67.0,female,Chicago,12-18-2018,134.23,
CUST00625,James Anderson,34.0, female,San Antonio,03/01/2022,167.27,2.0
CUST00627,Joseph Jones,41.0,male,New York,2022-01-08,151.81,4.0
CUST00497,William Jones,43.0,MALE,Houston,03-09-2021,192.94,1.0
CUST00369,Linda Martinez,28.0,,New York,2020-05-13,323.31,5.0
CUST00544,Barbara Johnson,30.0, female,  San Diego  ,"June 27, 2021",724.89,3.0
CUST00478,Joseph Lopez,47.0,F,Dallas,2021-01-23,105.04,3.0
CUST00533,Elizabeth Jones,29.0,Male,Phoenix,01/06/2021,90.73,4.0
CUST00513,Joseph Garcia,49.0,female,Phoenix,04-15-2021,134.73,3.0
CUST00628,Joseph Rodriguez,48.0,female,Chicago,,527.54,5.0
CUST00346,William Miller,,M,New York,20/03/2020,,3.0
CUST00259,Elizabeth Martinez, 37 ,female,Chicago,29/08/2019,473.83,4.0
CUST00972,Linda Hernandez,57.0,FEMALE,Dallas,27/03/2024,174.53,3.0
CUST00136,Sarah Miller, 36 ,female,New York,13-Nov-2018,208.42,4.0
CUST00617,William Garcia,,,Chicago,12-15-2021,367.15,4.0
CUST00980,Sarah Lopez,46.0,F,Houston,15-Apr-2024,176.54,5.0
CUST00675,Robert Williams,44.0,Male,San Jose,2022-04-30,92.66,4.0
CUST00593,Joseph Brown,30.0,Male,PHOENIX,2021-10-20,481.86,1.0
CUST00844,Robert Thomas,49.0,Male,New York,01/06/2023,632.19,1.0
CUST00502,James Jones, 47 ,Male,NEW YORK,"March 21, 2021",1119.92,5.0
CUST00539,Thomas Rodriguez,50.0,Male,Philadelphia,06-15-2021,563.51,3.0
CUST00695,John Jones,50.0,MALE,Philadelphia,16-Jun-2022,251.15,3.0
CUST00582,James Wilson,35.0,M,Philadelphia,24-Sep-2021,165.08,4.0
CUST00344,Karen Lopez,37.0,Female,San Antonio,15-Mar-2020,425.92,3.0
CUST00719,Barbara Miller,33.0,Male ,San Jose,11-Aug-2022,77.35,3.0
CUST00907,Patricia Hernandez,40.0,M,  Chicago  ,2023-10-26,678.34,3.0
CUST00294,Thomas Miller,40.0,MALE,San Diego,"November 19, 2019",90.97,5.0
CUST00365,David Lopez,37.0,Male,San Jose,"May 03, 2020",289.34,3.0
CUST00668,Mary Lopez,,Male ,Philadelphia,04-14-2022,76.67,4.0
CUST00015,Elizabeth Thomas,21.0,F,San Jose,02-02-2018,858.82,5.0
CUST00087,Karen Wilson,20.0,M,Chicago,21-Jul-2018,133.03,4.0
CUST00371,Linda Martinez,22.0,MALE,Houston,17-May-2020,$274.80,2.0
CUST00166,Robert Smith,20.0,Female,San Diego,2019-01-22,545.56,2.0
CUST00933,Joseph Thomas,53.0,F,Dallas,"December 26, 2023",136.57,3.0
CUST00336,Patricia Garcia,16.0,Female,San Diego,02-25-2020,88.28,4.0
CUST00060,Mary Smith,31.0,male,Philadelphia,19/05/2018,367.76,4.0
CUST00355,Jessica Garcia,,,Los Angeles,10-Apr-2020,223.09,4.0
CUST00425,Sarah Wilson,36.0,Male,,21/09/2020,219.7,
CUST00293,Patricia Johnson,56.0,Male ,San Antonio,16/11/2019,77.71,5.0
CUST00042,Linda Jones,36.0,FEMALE,New York,04-07-2018,120.85,2.0
CUST00330,Charles Davis,28.0,Male ,New York,11-Feb-2020,282.21,5.0
CUST00615,John Davis,,female,New York,11-Dec-2021,488.0,3.0
CUST00430,Joseph Lopez,28.0,male,New York,2020-10-03,186.31,3.0
CUST00080,Patricia Gonzalez,17.0,Male,Philadelphia,,162.63,2.0
CUST00029,Linda Anderson,36.0,Female,Philadelphia,"March 07, 2018",104.32,
CUST00255,John Miller,24.0,MALE,Dallas,19/08/2019,95.4,2.0
CUST00796,Mary Miller,18.0,female,Houston,08/02/2023,401.12,5.0
CUST00459,Richard Hernandez,33.0,MALE,Los Angeles,10-Dec-2020,269.56,4.0
CUST00384,Mary Martinez, 46 ,,San Diego,17-Jun-2020,384.31,3.0
CUST00314,Jessica Rodriguez,,Female,New York,"January 05, 2020",124.01,4.0
CUST00085,Jennifer Lopez,24.0,MALE,,07-17-2018,288.44,3.0
CUST00575,Joseph Gonzalez,53.0,FEMALE,Chicago,09-08-2021,$309.23,4.0
CUST00137,Elizabeth Williams,55.0,female,San Diego,15-Nov-2018,,4.0
CUST00112,Charles Wilson,,Male ,New York,18-Sep-2018,151.24,4.0
CUST00195,Joseph Garcia,51.0,female,San Jose,31-Mar-2019,225.86,3.0
CUST00179,Patricia Williams,34.0,female,Chicago,2019-02-22,120.86,5.0
CUST00937,John Williams,41.0,Male ,Los Angeles,05/01/2024,$194.42,4.0
CUST00497,William Jones,43.0,MALE,Houston,03-09-2021,192.94,1.0
CUST00130,Michael Brown,35.0,male,SAN JOSE,10-30-2018,776.83,4.0
CUST00338,Barbara Garcia,33.0, female,San Diego,01/03/2020,143.48,5.0
CUST00609,James Anderson,39.0,MALE,New York,26/11/2021,190.56,3.0
CUST00125,Jennifer Thomas,42.0,male,San Antonio,18/10/2018,1150.92,
CUST00972,Linda Hernandez,57.0,FEMALE,Dallas,27/03/2024,174.53,3.0
CUST00227,Linda Brown,,Male ,San Jose,2019-06-15,102.54,3.0
CUST00269,James Smith,36.0,MALE,San Jose,2019-09-21,212.73,3.0
CUST00153,Patricia Garcia,14.0,FEMALE,San Jose,2018-12-23,58.3,4.0
CUST00585,John Hernandez,45.0,MALE,Chicago,01/10/2021,514.67,4.0
CUST00104,Michael Johnson,37.0,,San Antonio,30/08/2018,65.57,2.0
CUST00594,Barbara Gonzalez,38.0,Female,Philadelphia,22/10/2021,317.43,4.0
CUST00903,Joseph Wilson,23.0,F,Houston,2023-10-17,966.49,2.0
CUST00697,William Johnson,34.0,Male,,"June 21, 2022",164.17,4.0
CUST00228,Jessica Gonzalez,31.0,male,Philadelphia,2019-06-17,797.05,5.0
CUST00935,Karen Garcia,61.0,M,Houston,"December 31, 2023",104.07,3.0
CUST00302,Charles Smith,40.0,M,Philadelphia,12-07-2019,368.23,4.0
CUST00276,Richard Lopez,37.0,female,Dallas,"October 07, 2019",18.97,5.0
CUST00127,Patricia Williams,50.0,Male ,Dallas,23-Oct-2018,563.37,4.0
CUST00406,Charles Gonzalez,47.0, female,Chicago,"August 07, 2020",939.53,3.0
CUST00684,Jessica Johnson,41.0,FEMALE,New York,2022-05-21,206.73,5.0
CUST00243,Robert Lopez,31.0,Male,Chicago,22-Jul-2019,229.94,4.0
CUST00037,Barbara Johnson,77.0,F,San Diego,26/03/2018,127.42,5.0
CUST00140,Jessica Rodriguez,49.0,Male,Los Angeles,23-Nov-2018,,
CUST00304,William Williams,48.0,F,Philadelphia,2019-12-12,439.43,5.0
CUST00268,Robert Lopez,48.0,Female,Houston,2019-09-19,169.91,3.0
CUST00534,Elizabeth Lopez,53.0,M,San Jose,04-Jun-2021,$304.29,1.0
CUST00546,David Rodriguez,60.0,male,San Antonio,02/07/2021,311.29,4.0
CUST00213,Mary Johnson, 53 ,F,San Diego,2019-05-13,264.35,5.0
CUST00469,Karen Anderson,-5,F,San Jose,2021-01-02,272.39,3.0
CUST00199,James Rodriguez,34.0,male,San Antonio,2019-04-10,452.08,3.0
CUST00673,Linda Garcia,34.0,male,Dallas,26-Apr-2022,526.21,2.0
CUST00528,David Anderson,49.0,M,Dallas,"May 20, 2021",$80.26,4.0
CUST00676,James Lopez, 39 ,M,Houston,03/05/2022,437.52,3.0
CUST00840,Thomas Gonzalez,71.0,female,New York,"May 22, 2023",61.28,5.0
CUST00242,John Garcia,,Male ,San Diego,20/07/2019,441.23,3.0
CUST00343,Richard Johnson,25.0,female,san jose,13-Mar-2020,,3.0
CUST00550,Linda Hernandez,46.0,M,San Jose,07-11-2021,270.21,4.0
CUST00387,James Garcia,46.0, female,San Antonio,"June 24, 2020",1057.56,3.0
CUST00931,Robert Smith,29.0,female,Houston,2023-12-22,315.56,4.0
CUST00207,Karen Smith,34.0, female,Houston,2019-04-29,330.77,3.0
CUST00296,Thomas Miller,39.0,FEMALE,Philadelphia,2019-11-23,93.32,5.0
CUST00696,Jennifer Thomas,47.0,M,San Antonio,2022-06-19,455.88,4.0
CUST00944,Joseph Lopez,,male,San Diego,2024-01-21,358.43,3.0
CUST00074,Michael Smith,59.0,FEMALE,Phoenix,unknown,69.6,4.0
CUST00792,Richard Johnson,68.0,male,Chicago,30/01/2023,$381.18,3.0
CUST00105,Robert Smith,41.0,Female,Phoenix,09-01-2018,$155.61,3.0
CUST00733,Patricia Smith,65.0,male,New York,13/09/2022,61.45,5.0
CUST00755,Barbara Williams,30.0, female,San Antonio,11-04-2022,691.6,5.0
CUST00601,Elizabeth Davis,24.0,Male ,PHOENIX,,236.38,2.0
CUST00017,Joseph Wilson,60.0,FEMALE,Los Angeles,07/02/2018,449.44,4.0
CUST00440,David Hernandez,36.0,Female,san jose,26-Oct-2020,80.47,4.0
CUST00092,William Williams,61.0,M,Chicago,02/08/2018,166.91,4.0
CUST00089,Michael Wilson,58.0,Male,Phoenix,07-26-2018,263.57,5.0
CUST00451,Charles Williams,,Female,Los Angeles,21-Nov-2020,222.91,1.0
CUST00718,Jennifer Martinez,23.0,Male,Dallas,2022-08-09,141.43,4.0
CUST00103,Karen Lopez,64.0,,los angeles,"August 28, 2018",361.7,3.0
CUST00239,Linda Gonzalez,45.0,MALE,Philadelphia,07-13-2019,256.62,3.0
CUST00768,Linda Rodriguez,36.0,Female,San Antonio,2022-12-04,147.37,3.0
CUST00247,John Anderson,20.0,Male ,San Antonio,"July 31, 2019",211.08,5.0
CUST00759,Thomas Gonzalez,34.0,Male ,San Diego,2022-11-13,143.77,5.0
CUST00158,Susan Johnson,27.0,Female,Los Angeles,04-Jan-2019,497.77,
CUST00480,Jennifer Williams,38.0,female,San Jose,28/01/2021,231.53,2.0
CUST00646,Thomas Miller,27.0,FEMALE,San Antonio,21/02/2022,457.4,4.0
CUST00894,Thomas Rodriguez,38.0,female,Dallas,09-26-2023,205.17,2.0
CUST00870,Linda Johnson,43.0,M,Los Angeles,,217.81,4.0
CUST00019,Karen Thomas,38.0,FEMALE,Philadelphia,"February 12, 2018",124.61,5.0
CUST00750,David Davis,20.0,Male,Philadelphia,10-23-2022,,2.0
CUST00122,David Anderson,46.0,F,San Antonio,"October 11, 2018",85.1,2.0
CUST00884,Charles Anderson,43.0,Male,San Jose,2023-09-02,88.71,4.0
CUST00749,James Rodriguez,33.0,female,San Antonio,2022-10-21,374.53,0.0
CUST00275,Barbara Gonzalez,29.0,male,San Antonio,05/10/2019,477.62,7.0
CUST00434,Thomas Martinez,44.0,MALE,San Jose,2020-10-12,262.87,4.0
CUST00949,Linda Anderson,42.0,FEMALE,San Antonio,02/02/2024,252.72,2.0
CUST00312,Karen Hernandez,33.0,male,San Jose,"December 31, 2019",241.3,4.0
CUST00805,Barbara Rodriguez,52.0,MALE,Philadelphia,03-01-2023,394.37,4.0
CUST00883,David Gonzalez,30.0,Male,Philadelphia,"August 31, 2023",176.94,2.0
CUST00547,Mary Lopez,45.0,F,San Jose,2021-07-04,237.21,4.0
CUST00182,Susan Jones,68.0,MALE,Phoenix,01/03/2019,138.41,2.0
CUST00185,Thomas Wilson,69.0,MALE,San Antonio,"March 08, 2019",197.61,3.0
CUST00407,Richard Brown,11.0,FEMALE,Chicago,10-Aug-2020,105.98,4.0
CUST00720,Elizabeth Garcia,24.0,Male ,San Antonio,2022-08-14,254.37,3.0
CUST00607,Richard Davis,38.0,MALE,Los Angeles,22/11/2021,258.54,5.0
CUST00693,Mary Williams,63.0,Male,New York,06-11-2022,139.25,5.0
CUST00521,Patricia Williams,53.0,Male ,Philadelphia,04-May-2021,131.03,3.0
CUST00381,Jennifer Johnson,35.0,MALE,San Diego,"June 10, 2020",214.16,3.0
CUST00411,Linda Miller,33.0,,Chicago,19/08/2020,128.52,4.0
CUST00635,Sarah Hernandez,55.0,MALE,Houston,26/01/2022,,3.0
CUST00370,Patricia Martinez,47.0,,Dallas,"May 15, 2020",265.21,5.0
CUST00857,John Hernandez,38.0,Female,Los Angeles,01/07/2023,1164.05,5.0
CUST00881,Jennifer Lopez,55.0,FEMALE,San Diego,26-Aug-2023,606.85,4.0
CUST00800,Sarah Thomas,39.0, female,Houston,"February 17, 2023",359.08,
CUST00079,Joseph Hernandez,33.0,Male ,Philadelphia,02/07/2018,298.32,1.0
CUST00574,Karen Anderson,49.0,Female,Philadelphia,2021-09-05,178.69,
CUST00120,John Brown,34.0,Female,Los Angeles,"October 07, 2018",121.45,3.0
CUST00638,David Hernandez,14.0,Male,Chicago,02/02/2022,813.93,3.0
CUST00608,Sarah Rodriguez,38.0,Male,Houston,24-Nov-2021,20.47,1.0
CUST00841,Elizabeth Williams,36.0,Female,San Antonio,25-May-2023,213.5,4.0
CUST00069,Susan Miller,53.0,female,Chicago,09/06/2018,318.56,3.0
CUST00879,Richard Rodriguez,43.0,female,San Diego,08-22-2023,123.43,4.0
CUST00978,Karen Smith,30.0, female,San Antonio,2024-04-10,$295.39,5.0
CUST00417,Thomas Thomas,51.0,Male ,Philadelphia,2020-09-02,274.82,4.0
CUST00789,Barbara Miller,25.0,F,Phoenix,"January 23, 2023",275.75,2.0
CUST00562,Charles Gonzalez,50.0,M,Philadelphia,08/08/2021,340.97,4.0
CUST00068,John Martinez,53.0,female,San Jose,2018-06-07,441.22,3.0
CUST00537,Karen Smith,24.0,MALE,Phoenix,06-11-2021,407.03,3.0
CUST00078,Michael Gonzalez,52.0,Male ,Chicago,"June 30, 2018",151.92,4.0
CUST00106,John Smith,45.0,Female,Phoenix,,390.5,5.0
CUST00911,SARAH JOHNSON,40.0,F,Los Angeles,05-Nov-2023,88.4,4.0
CUST00827,Michael Brown,32.0, female,Chicago,04-22-2023,108.61,5.0
CUST00639,Barbara Hernandez,30.0,F,Philadelphia,02-05-2022,576.3,4.0
CUST00560,Linda Miller,28.0,female,New York,2021-08-04,524.12,5.0
CUST00807,Barbara Anderson, 35 ,M,Houston,03-06-2023,189.91,4.0
CUST00691,John Brown,45.0,,  Chicago  ,2022-06-07,205.62,5.0
CUST00918,Jennifer Anderson, 34 ,Female,Phoenix,2023-11-21,4.89,4.0
CUST00993,Robert Hernandez,58.0,M,New York,2024-05-15,256.35,4.0
CUST00165,LINDA MILLER,38.0,Female,Houston,20-Jan-2019,250.04,3.0
CUST00736,Mary Miller,46.0,M,San Jose,2022-09-20,286.11,5.0
CUST00872,Richard Gonzalez,39.0,male,Los Angeles,05-Aug-2023,44.94,4.0
CUST00491,Joseph Brown,44.0,Male,Dallas,23-Feb-2021,125.64,5.0
CUST00837,JOSEPH MILLER,50.0,F,Los Angeles,05-15-2023,259.91,4.0
CUST00985,Karen Martinez,57.0,Female,Philadelphia,26-Apr-2024,165.18,1.0
CUST00606,Barbara Martinez,29.0,F,LOS ANGELES,2021-11-19,131.45,3.0
CUST00364,Robert Thomas,26.0,M,,01-May-2020,44.8,4.0
CUST00070,William Anderson,36.0,Male,Chicago,"June 11, 2018",564.59,3.0
CUST00549,James Davis,35.0,FEMALE,Philadelphia,09-Jul-2021,113.9,3.0
CUST00161,William Brown,47.0,,San Jose,"January 11, 2019",$398.05,3.0
CUST00012,James Lopez,59.0, female,Los Angeles,,,2.0
CUST00145,John Thomas,24.0,FEMALE,New York,"December 04, 2018",$689.65,4.0
CUST00518,Charles Gonzalez,59.0,Male ,Los Angeles,04-27-2021,206.73,3.0
CUST00428,Mary Brown,27.0,FEMALE,Philadelphia,28/09/2020,$205.34,5.0
CUST00640,Charles Garcia,38.0,M,San Diego,2022-02-07,394.94,4.0
CUST00177,James Jones,39.0,Male ,  San Diego  ,02-17-2019,592.34,2.0
CUST00441,Jessica Hernandez,44.0,FEMALE,Chicago,28-Oct-2020,398.01,2.0
CUST00522,Karen Smith,50.0,Male ,San Diego,06/05/2021,77.99,4.0
CUST00921,Mary Wilson,64.0,female,Los Angeles,11-28-2023,163.57,5.0
CUST00997,William Johnson,65.0, female,PHILADELPHIA,24-May-2024,396.87,5.0
CUST00689,Sarah Johnson,43.0,Male,San Diego,02/06/2022,411.32,4.0
CUST00232,Charles Lopez,24.0,MALE,San Diego,26-Jun-2019,,4.0
CUST00211,Charles Miller,21.0,Female,Phoenix,2019-05-08,326.72,3.0
CUST00641,Michael Brown,, female,San Diego,10-Feb-2022,347.64,3.0
CUST00144,Barbara Jones,29.0,Male ,Los Angeles,02/12/2018,287.52,5.0
CUST00754,John Lopez,50.0,M,San Antonio,02-Nov-2022,508.0,4.0
CUST00520,Jennifer Martinez,45.0,male,Chicago,02/05/2021,371.41,3.0
CUST00349,Thomas Rodriguez,25.0,Male ,Los Angeles,03-27-2020,457.48,3.0
CUST00299,Thomas Smith,16.0,Female,Phoenix,"November 30, 2019",556.29,3.0
CUST00767,Jessica Garcia,36.0,FEMALE,Phoenix,02-Dec-2022,590.66,4.0
CUST00429,Jennifer Smith,40.0,MALE,san jose,30/09/2020,197.94,1.0
CUST00613,Jessica Brown,36.0,,Chicago,"December 06, 2021",271.67,2.0
CUST00983,William Gonzalez,55.0,Male,Philadelphia,22-Apr-2024,392.12,4.0
CUST00992,Linda Hernandez,44.0,F,Phoenix,"May 13, 2024",558.75,4.0
9,Mary Davis,37.0,female,San Jose,2018-01-19,196.94,2.0
CUST00157,Sarah Thomas,45.0,MALE,Philadelphia,2019-01-01,229.78,5.0
CUST00540,David Anderson,51.0,M,Phoenix,06-18-2021,155.56,4.0
CUST00507,Robert Williams,23.0,Male,Houston,"April 01, 2021",149.5,4.0
CUST00437,John Johnson,50.0,Male ,Houston,2020-10-19,283.76,4.0
CUST00267,Barbara Johnson,56.0,male,San Diego,16/09/2019,356.17,3.0
CUST00462,Joseph Davis,46.0,female,San Diego,"December 17, 2020",328.42,5.0
CUST00577,Michael Hernandez,,FEMALE,New York,12/09/2021,492.51,3.0
CUST00339,Michael Hernandez,60.0,FEMALE,Los Angeles,03-03-2020,109.62,2.0
CUST00256,Elizabeth Garcia,50.0,Male,Philadelphia,22/08/2019,126.12,5.0
859,Joseph Garcia,36.0,Female,San Diego,06-Jul-2023,458.77,1.0
CUST00899,Charles Wilson,,F,Dallas,2023-10-08,,1.0
CUST00666,Elizabeth Martinez,54.0,female,Houston,09/04/2022,370.24,3.0
CUST00561,Linda Wilson,39.0,FEMALE,San Antonio,2021-08-06,707.05,4.0
CUST00209,Susan Thomas,,MALE,Houston,"May 03, 2019",353.25,
CUST00288,Patricia Rodriguez,35.0,FEMALE,Chicago,11-05-2019,155.7,3.0
CUST00002,Joseph Hernandez,69.0,female,San Jose,03/01/2018,318.73,
CUST00342,Robert Gonzalez,51.0,FEMALE,San Diego,10-Mar-2020,100.58,5.0
CUST00270,Charles Hernandez,26.0,MALE,Phoenix,09-23-2019,295.14,3.0
CUST00266,Karen Davis,18.0,Male,Dallas,2019-09-14,310.16,5.0
CUST00862,Sarah Garcia,30.0,female,San Jose,13/07/2023,388.71,3.0
CUST00869,Robert Davis,36.0, female,Philadelphia,07-29-2023,425.06,4.0
CUST00096,John Smith,41.0,F,Los Angeles,11/08/2018,$317.04,3.0
CUST00434,Thomas Martinez,44.0,MALE,San Jose,2020-10-12,262.87,4.0
CUST00043,Jessica Gonzalez,58.0,female,San Diego,04-09-2018,$186.31,3.0
CUST00850,Mary Hernandez,39.0,Female,Los Angeles,15-Jun-2023,140.46,4.0
CUST00399,Robert Jones,44.0,M,Philadelphia,22/07/2020,78.97,5.0
CUST00882,Michael Jones,34.0,Male ,Dallas,,35.05,2.0
CUST00629,William Martinez,44.0, female,Houston,12/01/2022,43.63,2.0
CUST00046,Joseph Gonzalez,,male,Philadelphia,16-Apr-2018,496.69,4.0
CUST00162,James Brown,41.0,female,San Diego,"January 13, 2019",185.94,3.0
CUST00728,David Smith,32.0,F,Phoenix,09-02-2022,154.69,5.0
CUST00630,Karen Rodriguez,59.0,Female,Philadelphia,2022-01-15,424.37,4.0
CUST00289,Patricia Martinez,26.0,Male,Dallas,"November 07, 2019",183.33,4.0
CUST00590,Karen Davis,27.0,Female,  San Diego  ,13/10/2021,536.36,4.0
CUST00143,James Thomas,22.0,male,Houston,30-Nov-2018,478.65,3.0
CUST00319,David Hernandez,, female,Phoenix,"January 16, 2020",331.33,2.0
CUST00576,James Brown,31.0,F,San Diego,10-Sep-2021,810.42,3.0
CUST00851,William Davis,50.0,F,New York,17/06/2023,339.41,4.0
CUST00316,Elizabeth Martinez,49.0,male,Houston,2020-01-09,1069.49,3.0
CUST00942,Thomas Rodriguez,28.0,male,Houston,16/01/2024,254.26,1.0
CUST00231,Charles Smith,49.0, female,Philadelphia,"June 24, 2019",249.47,4.0
CUST00810,John Smith,41.0,Male,  Dallas  ,"March 13, 2023",340.15,3.0
CUST00699,Karen Martinez,36.0,MALE,Dallas,26-Jun-2022,172.77,4.0
CUST00875,Linda Lopez,25.0,F,Philadelphia,2023-08-12,175.33,4.0
CUST00712,John Hernandez,43.0,Male ,Dallas,2022-07-26,251.94,5.0
CUST00077,John Miller,38.0,Female,Phoenix,28-Jun-2018,373.42,4.0
CUST00634,Mary Miller,29.0, female,San Diego,"January 24, 2022",$331.76,2.0
CUST00648,William Smith, 46 ,female,Chicago,26-Feb-2022,250.75,5.0
CUST00248,Thomas Wilson,25.0, female,San Jose,03-Aug-2019,,3.0
CUST00820,Patricia Lopez,52.0,,Houston,05-Apr-2023,123.54,3.0
CUST00825,David Wilson,53.0, female,San Antonio,17/04/2023,187.34,4.0
CUST00477,Susan Hernandez, 36 ,MALE,Chicago,01-21-2021,238.34,4.0
CUST00671,Linda Smith,45.0,Male ,San Diego,"April 21, 2022",489.61,4.0
CUST00086,Barbara Lopez, 22 ,male,San Jose,07-19-2018,275.31,3.0
CUST00470,Joseph Anderson,30.0, female,Chicago,2021-01-04,107.33,5.0
CUST00226,Joseph Williams,42.0,M,Phoenix,"June 12, 2019",183.09,3.0
CUST00775,Michael Wilson,49.0,male,Houston,21-Dec-2022,275.29,3.0
CUST00332,James Garcia,, female,Houston,16-Feb-2020,$190.96,3.0
CUST00234,William Lopez,21.0,FEMALE,San Antonio,07-01-2019,178.92,3.0
CUST00589,Richard Davis,33.0,Female,phoenix,11-Oct-2021,148.57,5.0
CUST00476,Robert Anderson,49.0,female,New York,19-Jan-2021,70.84,4.0
CUST00943,Barbara Johnson,20.0,M,Phoenix,"January 19, 2024",258.38,5.0
CUST00922,Mary Gonzalez,41.0,Male ,San Diego,2023-12-01,,4.0
CUST00600,David Wilson,,male,San Jose,11-05-2021,159.12,4.0
CUST00422,Michael Garcia,39.0, female,Philadelphia,"September 14, 2020",441.7,3.0
CUST00688,Charles Brown,60.0,Male ,Philadelphia,31-May-2022,63.04,3.0
CUST00183,Jennifer Williams,46.0,FEMALE,,"March 03, 2019",56.91,5.0
CUST00618,Charles Gonzalez,57.0,FEMALE,Houston,18/12/2021,315.16,
CUST00333,Karen Smith,20.0,MALE,,02-18-2020,527.23,5.0
CUST00439,Mary Gonzalez, 27 ,F,Chicago,"October 24, 2020",111.79,2.0
CUST00050,Linda Davis,38.0,FEMALE,Phoenix,2018-04-25,212.49,5.0
CUST00929,Susan Brown,150,M,Houston,2023-12-17,115.67,4.0
CUST00006,David Hernandez,46.0,F,Dallas,12/01/2018,645.18,3.0
CUST00530,David Williams,38.0,Male,New York,"May 25, 2021",$152.78,5.0
CUST00235,James Martinez,33.0,Male ,Philadelphia,03-Jul-2019,354.66,2.0
CUST00487,Karen Rodriguez,48.0, female,San Antonio,13/02/2021,287.04,
CUST00958,Barbara Brown,17.0, female,San Diego,"February 23, 2024",486.6,4.0
CUST00498,Jennifer Brown,-0.0,Male ,New York,03-11-2021,254.83,5.0
CUST00885,Elizabeth Martinez,41.0,M,Phoenix,05/09/2023,465.14,4.0
CUST00952,Robert Gonzalez,40.0,Male ,Dallas,02-09-2024,215.21,3.0
CUST00107,Thomas Hernandez,42.0,Male,Chicago,06-Sep-2018,510.37,4.0
CUST00444,David Garcia,65.0,Female,New York,04-Nov-2020,92.82,3.0
CUST00489,Robert Rodriguez,54.0,male,New York,18/02/2021,47.47,4.0
CUST00647,Thomas Brown,26.0, female,San Diego,24-Feb-2022,$247.74,2.0
CUST00013,Barbara Rodriguez,36.0,FEMALE,Los Angeles,2018-01-29,555.36,5.0
CUST00739,James Martinez,20.0,male,New York,2022-09-27,220.08,4.0
CUST00727,Mary Lopez,45.0,Female,Chicago,08-30-2022,403.94,5.0
CUST00191,Elizabeth Anderson,41.0,F,phoenix,03-22-2019,88.39,3.0
CUST00453,Elizabeth Gonzalez,53.0, female,Philadelphia,"November 26, 2020",86.09,5.0
CUST00833,William Smith,54.0,Male ,Phoenix,05-06-2023,499.98,3.0
CUST00283,Mary Williams,45.0,female,San Diego,2019-10-24,224.91,3.0
CUST00030,Robert Wilson,44.0,M,San Jose,10-Mar-2018,216.49,5.0
CUST00170,Susan Wilson,52.0,FEMALE,Houston,01/02/2019,,3.0
CUST00181,Thomas Lopez,46.0,female,Houston,2019-02-27,610.13,2.0
CUST00101,Thomas Wilson,29.0,F,San Antonio,08-23-2018,773.34,5.0
CUST00198,Thomas Davis,,Male ,Los Angeles,08-Apr-2019,176.21,5.0
CUST00496,Charles Martinez,46.0,MALE,Dallas,06/03/2021,342.87,3.0
CUST00722,Linda Johnson,28.0,male,Dallas,08-18-2022,509.23,2.0
CUST00648,William Smith, 46 ,female,Chicago,26-Feb-2022,250.75,5.0
CUST00045,Richard Rodriguez,47.0,MALE,Phoenix,2018-04-14,405.2,5.0
CUST00990,Mary Martinez,42.0, female,New York,08/05/2024,141.16,4.0
CUST00711,Richard Johnson,999,Female,San Antonio,07-24-2022,278.7,2.0
CUST00374,Patricia Thomas,,MALE,New York,24/05/2020,25.73,3.0
CUST00679,Susan Thomas,43.0, female,Chicago,05-10-2022,42.81,5.0
CUST00938,James Martinez,,M,Philadelphia,01-07-2024,571.1,3.0
CUST00649,Karen Garcia,41.0,female,San Antonio,2022-02-28,714.07,2.0
CUST00798,Mary Wilson,36.0,Female,Houston,2023-02-13,304.06,4.0
CUST00848,William Brown,63.0,female,San Antonio,10-Jun-2023,145.89,5.0
CUST00461,Joseph Rodriguez,,M,San Jose,2020-12-14,608.93,1.0
CUST00909,Thomas Martinez,42.0, female,San Diego,31-Oct-2023,516.19,4.0
CUST00414,Sarah Lopez,14.0,male,Chicago,26-Aug-2020,256.77,3.0
CUST00132,Linda Thomas,51.0,MALE,Chicago,2018-11-04,1083.47,
CUST00040,Jessica Anderson,45.0, female,Phoenix,"April 02, 2018",1085.06,5.0
CUST00435,Thomas Lopez,30.0,M,New York,"October 14, 2020",212.17,4.0
CUST00216,Elizabeth Garcia,51.0,Male ,San Diego,05-20-2019,133.65,4.0
CUST00556,Susan Martinez,,M,Los Angeles,25/07/2021,478.91,3.0
CUST00567,Mary Wilson,34.0,MALE,Dallas,08-20-2021,1001.59,5.0
CUST00763,Jessica Davis,39.0,female,Phoenix,"November 23, 2022",197.26,4.0
CUST00475,Charles Miller,47.0,Male ,San Jose,01-16-2021,217.65,3.0
CUST00457,Susan Johnson,34.0,female,San Antonio,05-Dec-2020,277.3,1.0
CUST00812,Richard Wilson,39.0,FEMALE,Los Angeles,"March 18, 2023",,1.0
CUST00261,James Davis,22.0,female,New York,02/09/2019,134.6,2.0
CUST00817,Susan Anderson,26.0, female,Phoenix,03-29-2023,130.96,1.0
CUST00036,Sarah Martinez,49.0,Male,Philadelphia,"March 24, 2018",868.54,3.0
CUST00828,Patricia Hernandez,43.0, female,SAN JOSE,24/04/2023,547.83,3.0
CUST00912,Susan Thomas,45.0,Female,Dallas,07-Nov-2023,221.75,3.0
CUST00310,John Williams,34.0,MALE,Philadelphia,2019-12-26,202.28,3.0
CUST00277,Susan Johnson,50.0,male,Chicago,10/10/2019,163.32,3.0
637,Thomas Thomas,30.0,Male,Los Angeles,2022-01-31,351.48,5.0
CUST00655,Thomas Gonzalez,49.0,Male ,Los Angeles,2022-03-14,241.43,3.0
CUST00623,John Jones,44.0,FEMALE,SAN DIEGO,12-29-2021,193.15,
CUST00836,John Garcia,27.0,M,San Jose,13/05/2023,,3.0
CUST00845,Robert Garcia,55.0,F,San Antonio,03-Jun-2023,311.81,3.0
CUST00394,James Jones,,MALE,San Antonio,2020-07-10,140.85,3.0
CUST00999,Linda Johnson,61.0,Female,Chicago,29-May-2024,424.91,3.0
CUST00108,Thomas Johnson,20.0,FEMALE,,2018-09-08,113.37,4.0
CUST00930,David Hernandez,32.0,M,Philadelphia,"December 19, 2023",13.63,3.0
CUST00525,James Martinez,29.0,MALE,San Diego,"May 13, 2021",479.66,2.0
CUST00785,Robert Lopez,23.0,female,Houston,01-13-2023,93.35,2.0
CUST00048,Michael Rodriguez,21.0,MALE,Phoenix,04-21-2018,287.54,3.0
CUST00955,Susan Anderson,39.0,male,Phoenix,16/02/2024,203.43,3.0
CUST00204,Richard Lopez,45.0,Male ,Philadelphia,2019-04-22,190.72,4.0
CUST00986,Michael Johnson, 42 ,M,San Jose,2024-04-29,230.64,5.0
CUST00632,Karen Rodriguez,41.0,Female,Phoenix,01-19-2022,96.05,4.0
CUST00022,William Miller,16.0,F,Philadelphia,19-Feb-2018,110.78,4.0
CUST00403,Thomas Jones,33.0,,San Diego,31-Jul-2020,308.35,5.0
CUST00947,Susan Rodriguez,44.0,female,Philadelphia,2024-01-28,11.84,2.0
CUST00084,Richard Wilson,25.0,MALE,Houston,"July 14, 2018",$213.62,5.0
CUST00131,William Smith,21.0,Female,Philadelphia,01/11/2018,202.59,4.0
CUST00416,Barbara Jones,38.0,FEMALE,New York,08-31-2020,48.37,5.0
CUST00896,Mary Lopez,49.0,male,San Diego,2023-10-01,352.84,3.0
CUST00842,Sarah Johnson,200, female,  Phoenix  ,27-May-2023,115.16,3.0
CUST00742,Robert Brown,29.0,male,Chicago,"October 04, 2022",225.01,3.0
CUST00698,Barbara Williams,48.0, female,Chicago,2022-06-23,118.96,4.0
CUST00287,David Gonzalez,37.0,female,,2019-11-02,600.82,2.0
CUST00124,James Rodriguez,37.0,M,Phoenix,"October 16, 2018",42.2,3.0
CUST00034,Jennifer Garcia,52.0,Male ,San Antonio,2018-03-19,210.92,1.0
CUST00788,David Davis,67.0,Male,Los Angeles,20-Jan-2023,143.92,4.0
CUST00517,David Davis,59.0,F,Houston,2021-04-25,130.18,3.0
CUST00924,Robert Gonzalez,34.0,FEMALE,San Jose,05/12/2023,106.36,
CUST00020,Robert Jones,53.0,F,DALLAS,14-Feb-2018,618.85,5.0
CUST00987,Jennifer Miller,55.0,F,Chicago,01-May-2024,315.67,4.0
CUST00220,Linda Jones,26.0,Male ,San Diego,"May 29, 2019",77.37,4.0
CUST00892,Mary Thomas,41.0,male,Los Angeles,"September 21, 2023",117.99,4.0
CUST00580,James Gonzalez,60.0,male,San Jose,19-Sep-2021,334.84,4.0
CUST00482,John Lopez,53.0,female,San Antonio,2021-02-02,220.29,4.0
CUST00932,Barbara Davis,53.0,Male ,San Diego,2023-12-24,778.4,4.0
CUST00357,John Brown,35.0,F,Phoenix,,204.38,2.0
CUST00662,Jennifer Williams,30.0,Female,Phoenix,31/03/2022,152.17,3.0
CUST00225,Karen Wilson,24.0,FEMALE,Houston,10-Jun-2019,630.66,4.0
CUST00760,Thomas Martinez,40.0,F,Houston,16/11/2022,50.2,3.0
CUST00093,Michael Garcia,42.0,Female,Dallas,04-Aug-2018,445.06,4.0
CUST00152,Thomas Davis,,Female,San Diego,2018-12-21,290.77,3.0
CUST00719,Barbara Miller,33.0,Male ,San Jose,11-Aug-2022,77.35,3.0
CUST00318,John Williams,37.0,FEMALE,Dallas,2020-01-14,384.01,5.0
CUST00449,Robert Hernandez,66.0,female,San Diego,"November 16, 2020",93.33,5.0
CUST00804,Thomas Gonzalez,33.0,M,CHICAGO,02-27-2023,259.88,3.0
CUST00746,Mary Jones,25.0,FEMALE,Dallas,2022-10-14,920.3,4.0
CUST00523,Karen Smith, 41 ,female,San Antonio,05-09-2021,33.68,5.0
CUST00280,Thomas Martinez,26.0,Female,San Antonio,10-17-2019,595.88,4.0
CUST00584,Mary Martinez,55.0,male,PHILADELPHIA,09-29-2021,265.57,4.0
CUST00765,Thomas Miller,35.0,Male ,Houston,2022-11-27,167.5,1.0
CUST00605,Susan Hernandez,45.0,male,Philadelphia,"November 17, 2021",239.29,1.0
CUST00911,Sarah Johnson,40.0,F,Los Angeles,05-Nov-2023,88.4,4.0
CUST00350,James Garcia,48.0,,Philadelphia,"March 29, 2020",500.41,2.0
CUST00928,Mary Anderson,36.0,Male ,  Houston  ,15/12/2023,392.03,3.0
CUST00375,Thomas Rodriguez,39.0,Male,Chicago,05-27-2020,325.52,3.0
CUST00401,John Martinez,52.0,M,Chicago,07-27-2020,294.51,3.0
CUST00705,Susan Rodriguez,36.0, female,Dallas,"July 10, 2022",418.46,5.0
CUST00258,Mary Brown,50.0,MALE,Los Angeles,26/08/2019,71.12,3.0
CUST00945,Jessica Hernandez,33.0,FEMALE,Chicago,24-Jan-2024,168.96,3.0
CUST00852,Robert Hernandez,38.0,MALE,New York,2023-06-19,97.17,4.0
CUST00073,Richard Williams,21.0,male,Houston,"June 18, 2018",763.74,3.0
CUST00196,Mary Anderson, 32 ,Female,Chicago,03/04/2019,321.94,4.0
CUST00484,Thomas Miller,47.0,FEMALE,Houston,2021-02-06,465.94,4.0
CUST00856,Joseph Davis,38.0,FEMALE,San Antonio,06-29-2023,280.38,4.0
CUST00138,Michael Lopez,48.0,FEMALE,Philadelphia,18-Nov-2018,186.55,4.0
CUST00495,Thomas Lopez,48.0,Male,Phoenix,"March 04, 2021",220.33,4.0
CUST00773,Elizabeth Thomas,30.0,FEMALE,Chicago,2022-12-16,170.6,2.0
CUST00551,William Jones,,female,DALLAS,07-13-2021,271.02,3.0
CUST00463,David Anderson,35.0,MALE,Philadelphia,"December 19, 2020",162.95,3.0
CUST00202,Elizabeth Miller,41.0,F,Houston,"April 17, 2019",788.38,4.0
CUST00313,Patricia Jones,41.0,Male,Chicago,02-Jan-2020,$401.55,5.0
CUST00291,Robert Smith,25.0,male,Philadelphia,12/11/2019,$308.01,3.0
CUST00764,Charles Davis,51.0,Female,San Jose,2022-11-25,306.2,2.0
CUST00950,Susan Johnson,35.0,MALE,San Antonio,04-Feb-2024,45000.5,2.0
CUST00184,William Jones,42.0,Male ,,03-06-2019,,4.0
CUST00251,Barbara Thomas,55.0,M,San Jose,"August 10, 2019",310.11,5.0
CUST00824,Susan Davis,47.0,MALE,San Jose,04-15-2023,547.09,1.0
CUST00941,Robert Thomas,43.0,FEMALE,Phoenix,2024-01-14,157.13,3.0
CUST00392,James Johnson, 38 ,FEMALE,Phoenix,"July 06, 2020",149.52,5.0
CUST00905,Patricia Brown,9.0, female,Los Angeles,22/10/2023,505.28,5.0
CUST00731,David Davis,40.0,Male ,San Antonio,09-Sep-2022,385.15,3.0
CUST00555,Charles Hernandez,42.0,FEMALE,,"July 23, 2021",111.25,1.0
CUST00367,Jessica Davis,45.0, female,San Antonio,08-May-2020,,4.0
CUST00346,William Miller,,M,New York,20/03/2020,,3.0
CUST00536,Linda Johnson,27.0,MALE,San Antonio,08/06/2021,$121.94,3.0
CUST00920,Charles Hernandez,47.0,Male ,Phoenix,"November 26, 2023",107.26,3.0
CUST00212,Joseph Lopez,45.0,MALE,Dallas,10-May-2019,387.25,4.0
CUST00503,Jennifer Garcia,35.0,Male,Houston,23-Mar-2021,242.23,4.0
CUST00538,John Rodriguez,40.0,male,,2021-06-13,224.03,4.0
CUST00176,Joseph Thomas,58.0,M,San Antonio,15-Feb-2019,60.39,3.0
